ID,emotion,try_num,valence,arousal,reasoning
01,すました愛想笑い,1,0.1,-0.2000000000000004,「すました愛想笑い」は表面的には友好的でわずかに快寄りだが、感情がこもらず距離感や冷淡さがあり強い快ではないためvalenceは低め。落ち着いた取り繕いの表情で興奮や緊張が強くないことが多いのでarousalはやや低め。
01,すました愛想笑い,2,0.1,-0.2000000000000001,「すました愛想笑い」は表面的には友好的で快寄りだが、内心の感情を抑えて距離を取るニュアンスがあり肯定感は弱い。落ち着いて作る笑いで興奮や緊張は高くないため、覚醒度はやや低めと判断した。
01,すました愛想笑い,3,0.05,-0.15,「すました愛想笑い」は表面上は友好的でも感情のこもりが薄く、内心の距離感や作り笑いのニュアンスがあるため快は弱いと判断しました。落ち着いて抑制的で、強い興奮や緊張は伴いにくいのでarousalはやや低めです。
01,すました愛想笑い,4,-0.15,-0.05,「すました愛想笑い」は表面的には微笑でも、内心の不快・距離感や気まずさが含まれやすく、快は弱めでやや不快寄りと判断しました。感情の強度は低く、落ち着いた抑制的な表出なので覚醒度も低めです。
01,すました愛想笑い,5,0.05,-0.15,「すました愛想笑い」は表面上は友好的でも、内心は距離や冷淡さ・取り繕いが含まれやすく快不快は中立〜わずかに快寄りと判断しました。感情の動きは強くなく、落ち着いた低めの覚醒水準になりやすいです。
01,すました愛想笑い,6,0.1,-0.20000000000000018,「すました愛想笑い」は表面的には友好的だが感情がこもらず、やや距離感や冷たさを伴うため快は弱いと判断しました。表情は穏やかで緊張や興奮は低めになりやすいので、arousalはやや低めとしました。
01,すました愛想笑い,7,0.1,-0.05,「すました愛想笑い」は表面的には友好的だが感情を抑えた作り笑いで、快は弱く中立寄りになりやすい。感情表出を抑制しているため生理的な高揚も小さく、覚醒は低めと判断する。
01,すました愛想笑い,8,0.05,-0.20000000000000004,「すました愛想笑い」は表面的には微笑みでわずかに快寄りだが、感情がこもらず距離感や冷淡さがあり中立に近いと判断した。落ち着いて抑制的で、強い興奮や緊張を伴いにくいためarousalはやや低めとした。
01,すました愛想笑い,9,-0.15,-0.05,「すました愛想笑い」は表面的には笑顔でも、内心の喜びや親しさが薄く、やや距離感・冷たさを含むため快-不快はわずかに不快寄りと判断しました。感情の強度も控えめで抑制的なので、覚醒度はほぼ中立〜やや低めです。
01,すました愛想笑い,10,0.05,-0.1,「すました愛想笑い」は表面的には笑顔で社交性がある一方、感情のこもらない冷淡さや距離感が含まれるため快・不快はほぼ中立寄りです。態度は落ち着いており内的な高揚は低めと考えられます。
02,愛想笑い,1,-0.05,0.15,「愛想笑い」は社交的に場を保つための笑顔で、快の要素はあるが本心の楽しさより中立～やや不快が混じりやすい。緊張や気遣いで軽い覚醒はあるが高覚醒ではないため、低～中程度に設定した。
02,愛想笑い,2,0.05,0.15,「愛想笑い」は相手への配慮や社交性から生じるため、表面的にはわずかに快寄りだが本心では中立〜やや不快を含み得ます。緊張や気まずさを伴うことも多く、覚醒度は低〜中程度と判断しました。
02,愛想笑い,3,0.05,-0.10000000000000009,「愛想笑い」は表面的には笑顔で中立〜わずかに快寄りですが、本心では気まずさや義務感を伴うことが多く、快不快はほぼ中立に留まります。場をやり過ごすための低〜中程度の緊張はある一方、強い興奮ではないため覚醒度はやや低めと判断します。
02,愛想笑い,4,-0.05,0.1,「愛想笑い」は表面的には笑顔で中立〜やや快寄りに見える一方、内心は気まずさや義務感など不快感を伴いやすく、総合するとvalenceはわずかに負寄りと判断しました。状況に応じて緊張や対人配慮が働くため、覚醒度は低くはないが高すぎない中程度としてやや正に置きました。
02,愛想笑い,5,0.05,0.15,「愛想笑い」は社交的な配慮で微笑むため快-不快は中立に近い一方、内心の気まずさや緊張が混じりやすいのでわずかに不快寄りにもなり得ます。状況適応のための軽い緊張があるため覚醒度は低〜中程度と判断しました。
02,愛想笑い,6,0.05,0.1,「愛想笑い」は相手に合わせて場を保つための笑いで、快感情というより中立〜わずかに快寄りになりやすい一方、内心の気まずさや緊張を伴うことが多いです。そのため覚醒度は低〜中程度でわずかに高めと判断しました。
02,愛想笑い,7,-0.1,0.25,「愛想笑い」は表面的には笑顔で快の要素がある一方、内心は気まずさや義務感が伴い不快寄りになりやすい。状況調整のための緊張や対人配慮で覚醒度は中程度に上がるため。
02,愛想笑い,8,0.05,0.15,「愛想笑い」は表面的には友好的でわずかに快の要素がある一方、内心は気まずさや義務感が混ざりやすく快不快は中立寄りです。対人場面での緊張はあるが強い興奮ではないため、覚醒度はやや高めに留まります。
02,愛想笑い,9,-0.107,0.22,「愛想笑い」は表面上は笑顔で社会的摩擦を避けるための行動ですが、内心は本心からの快ではなく気まずさや義務感が混じりやすいのでvalenceはわずかに不快寄りと判断します。一方で対人場面での緊張や気遣いが伴うため、覚醒度は低すぎず中程度に正の値になります。
02,愛想笑い,10,-0.05,0.2,「愛想笑い」は表面上は笑顔でも内心は義務感・気まずさ・社交的配慮が混じり、快は弱く中立〜やや不快寄りになりやすいです。場を取り繕うための緊張や気遣いがある分、覚醒度は低〜中程度に上がります。
03,少し納得いかない時の愛想笑い,1,-0.25,0.1,「少し納得いかない」は軽い不快感や不満を含むためvalenceはややマイナスになります。一方「愛想笑い」は表面上は落ち着いて対立を避ける振る舞いで、強い興奮は伴いにくいためarousalは低めに設定します。
03,少し納得いかない時の愛想笑い,2,-0.25,0.2,愛想笑いは表面上は穏やかでも、内心は少し不満・不一致があり快より不快寄りになります。一方で感情は強く爆発しておらず、緊張や気遣いによる軽い覚醒に留まるためarousalはやや低めです。
03,少し納得いかない時の愛想笑い,3,-0.15,0.2,表面的には笑っているものの内心では納得できず軽い不快感があるため、valenceはややマイナスに寄ります。一方で強い怒りや興奮ではなく、気まずさや緊張が少しある程度なのでarousalは低～中程度のプラスにしました。
03,少し納得いかない時の愛想笑い,4,-0.15,0.2,表面的には笑っているものの内心は不満・違和感があり快ではないためvalenceはやや負寄り。感情を抑えつつ場を保つ緊張があるので、覚醒度は低すぎず小さく正寄りと判断しました。
03,少し納得いかない時の愛想笑い,5,-0.25,0.1,「少し納得いかない」は軽い不快・不満を伴うためvalenceはややマイナスです。一方で「愛想笑い」は表面上の緊張緩和で強い興奮ではなく、内心のモヤモヤが続く程度なのでarousalは低めのわずかにプラスと判断しました。
03,少し納得いかない時の愛想笑い,6,-0.15,0.25,納得いかない不満や違和感が基調にあり快ではない一方、表面上は愛想笑いで中和されるため不快は弱めです。内心の葛藤と対人場面での緊張があるので覚醒はやや高めになります。
03,少し納得いかない時の愛想笑い,7,-0.15,0.2,「少し納得いかない」は軽い不快・不満が中心でvalenceはややマイナスになります。一方「愛想笑い」は表面上の社交的表出で強い怒りではなく、緊張や気まずさによる軽い覚醒があるためarousalは低〜中程度のプラスと判断しました。
03,少し納得いかない時の愛想笑い,8,-0.25,0.15,表面上は笑顔でも内心は納得できず軽い不快感があるためvalenceはややマイナス。感情を抑えて場を保つ状態で強い興奮はなく、緊張が少しある程度なのでarousalは小さくプラス寄りです。
03,少し納得いかない時の愛想笑い,9,-0.15,0.25,不満や違和感があるため快ではなく軽い不快寄りだが、愛想笑いで表面上は中和されるのでvalenceは弱い負に留まる。相手に合わせて場を保つ緊張や気遣いがあり、覚醒度はやや高めになる。
03,少し納得いかない時の愛想笑い,10,-0.15,0.25,『少し納得いかない』不満・違和感が含まれ不快寄りだが、『愛想笑い』で表面上は和らげているため強い不快ではない。場を保つための緊張や気遣いがあり、覚醒度はやや高めと判断した。
04,軽い苦笑い,1,-0.15,0.1,軽い苦笑いは、困惑や気まずさなどわずかな不快感を含むためvalenceはややマイナス寄りです。一方で感情の強度は低く、緊張はあるが興奮は強くないためarousalはわずかにプラスにしました。
04,軽い苦笑い,2,0.15,0.1,「軽い苦笑い」は気まずさ・困惑などのわずかな不快感を含みつつも、深刻ではなく受け流すニュアンスがあるため快-不快は中立寄りのやや快としました。感情の強度は低く、落ち着いた反応なので覚醒度も低めです。
04,軽い苦笑い,3,0.1,0.2,「軽い苦笑い」は不快さや困惑・照れを少し含む一方で深刻ではなく、感情価はほぼ中立〜わずかに快寄りになりやすいです。反応は軽度で落ち着いているため覚醒度も低〜中程度にとどまります。
04,軽い苦笑い,4,0.05,0.1,「軽い苦笑い」は気まずさ・困惑などのわずかな不快感を含む一方、深刻ではなくユーモアで緩和された中立寄りの感情です。反応は穏やかで強い興奮を伴いにくいため、覚醒度も低めに設定します。
04,軽い苦笑い,5,-0.1001,0.15,「軽い苦笑い」は不快・困惑・照れなどのわずかなネガティブを含む一方、深刻さは低くユーモアや受容も混ざるためvalenceは軽くマイナスに寄ります。反応は穏やかで緊張も高くないためarousalは低～やや低めに設定します。
04,軽い苦笑い,6,-0.15,0.1,「軽い苦笑い」は不快・困惑・気まずさなどの軽いネガティブさを含む一方、深刻さは低く感情の揺れも小さいためvalenceはやや負、arousalは低〜中程度と判断しました。
04,軽い苦笑い,7,-0.103,0.18,「軽い苦笑い」は気まずさや戸惑いを含むため快よりやや不快寄りだが、「軽い」ため強い否定感は小さい。反応としては軽い緊張・注意の高まりがあるので覚醒度は低～中程度。
04,軽い苦笑い,8,-0.15,0.1,「軽い苦笑い」は不快・気まずさ・呆れなどのネガティブ要素を含む一方、深刻さは低く自嘲や受け流しのニュアンスもあるためvalenceはやや負、arousalも低めと判断します。
04,軽い苦笑い,9,-0.102,0.18,「軽い苦笑い」は不快・困惑・照れなどのネガティブ寄りの感情を含む一方、深刻ではなくユーモアや受容も混ざるためvalenceはわずかにマイナス。反応としては軽い緊張や気まずさで覚醒度は低～中程度にとどまるためarousalは小さめのプラス。
04,軽い苦笑い,10,-0.102,0.18,「軽い苦笑い」は不満や気まずさを含むため快ではなく、ただし深刻ではないので不快度は小さめです。反応としては軽い緊張や照れが伴う程度で、覚醒水準も低〜中程度に留まります。
05,呆れて馬鹿にするような笑い,1,-0.55,0.35,「呆れて馬鹿にする笑い」は相手を見下す嘲笑を含み、快よりも不快・否定的な感情が強い。一方で怒りほど高覚醒ではないが、軽い攻撃性や緊張を伴うため中程度の覚醒とした。
05,呆れて馬鹿にするような笑い,2,-0.55,0.45,対象を見下し嘲笑するニュアンスが強く、不快・否定的な感情が中心のためvalenceは低め。笑い自体は反応性があり軽い興奮を伴うのでarousalは中程度に高いと判断しました。
05,呆れて馬鹿にするような笑い,3,-0.55,0.45,呆れと嘲笑が含まれ、相手を見下す不快寄りの感情なのでvalenceはマイナス寄りになります。一方で笑いと軽い攻撃性が伴い注意・覚醒が上がるため、arousalは中程度にプラスとしました。
05,呆れて馬鹿にするような笑い,4,-0.45,0.4,「呆れて馬鹿にする」は相手を見下す嘲笑で、社会的に不快・否定的な感情を伴うためvalenceは低めです。一方で笑いとしての表出や軽い攻撃性があり、無気力ではないのでarousalは中程度の覚醒と判断しました。
05,呆れて馬鹿にするような笑い,5,-0.55,0.4,「呆れて馬鹿にするような笑い」は相手を見下す嘲笑の要素が強く、不快・否定的な感情を伴うためvalenceはマイナス寄りです。一方で笑いとしての表出や軽い攻撃性があり、無関心よりは覚醒しているのでarousalは中程度のプラスとしました。
05,呆れて馬鹿にするような笑い,6,-0.55,0.4,相手を見下す嘲笑や呆れを含むため快より不快が強く、valenceは負寄りになります。一方で笑いにはある程度の活性化・表出が伴うため、arousalは中程度に正寄りと判断します。
05,呆れて馬鹿にするような笑い,7,-0.55,0.35,呆れや嘲笑は相手を否定・見下すニュアンスが強く、快よりも不快寄りの感情です。一方で笑いとして表出するため無力感ほど低覚醒ではなく、適度に覚醒した状態と判断しました。
05,呆れて馬鹿にするような笑い,8,-0.55,0.35,呆れて馬鹿にする笑いは相手を見下す嘲笑のニュアンスが強く、快より不快寄りの感情価が高い。一方で怒りほどの高覚醒ではないが、軽い攻撃性や皮肉の表出として一定の覚醒を伴う。
05,呆れて馬鹿にするような笑い,9,-0.55,0.35,「呆れて馬鹿にするような笑い」は相手を見下す嘲笑のニュアンスが強く、快よりも不快寄りの感情が中心です。一方で冷笑・呆れは高揚より抑制的だが、軽い攻撃性や緊張を伴うため中程度の覚醒と判断しました。
05,呆れて馬鹿にするような笑い,10,-0.55,0.35,呆れや嘲笑は相手を見下す否定的感情が中心で、不快側（低valence）に寄ります。一方、笑いを伴うため沈静ではなく、軽い興奮・活性があるので中程度の覚醒（やや高arousal）と判断します。
06,ワクワク,1,0.78,0.72,「ワクワク」は期待や楽しみを伴う前向きな感情で快の度合いが高いです。同時に心拍や注意が高まりやすい高覚醒の状態を示します。
06,ワクワク,2,0.78,0.72,「ワクワク」は期待や楽しみを伴う前向きな感情で、快の度合いが高い。加えて胸が高鳴るような高い活動性・覚醒を伴うためarousalも高めに設定した。
06,ワクワク,3,0.78,0.72,「ワクワク」は期待や楽しみで気分が明るく、快の感情が強いのでvalenceは高めです。同時に胸が高鳴るような活性度があり覚醒水準も高いためarousalも高めに設定します。
06,ワクワク,4,0.85,0.75,「ワクワク」は期待や楽しみが強い前向きな感情で、不快感が少ないためvalenceは高めです。加えて身体的・心理的な興奮や活動性が伴うためarousalも高めになります。
06,ワクワク,5,0.75,0.8,「ワクワク」は期待や楽しみを伴う前向きな感情で快の度合いが高いです。また心拍が上がるような高揚感があり覚醒度も高めです。
06,ワクワク,6,0.78,0.82,「ワクワク」は期待や高揚感を伴うポジティブな感情で、快の度合いが高いです。同時に心拍が上がるような興奮・覚醒が強く、arousalも高めになります。
06,ワクワク,7,0.78,0.72,「ワクワク」は期待感や楽しみが強い前向きな感情で、不快ではなく快に大きく寄ります。また心拍や注意が高まり行動意欲も上がるため覚醒度も高めです。
06,ワクワク,8,0.78,0.72,「ワクワク」は期待や楽しみを伴うポジティブな感情で快の度合いが高い。一方で心拍や注意が高まりやすく、活動的な覚醒状態が強い。
06,ワクワク,9,0.82,0.75,「ワクワク」は期待や楽しみを伴う快の感情で、ポジティブさが強いためvalenceを高めにしました。心拍や注意が高まり行動意欲も増すため、覚醒度（arousal）も高めと判断しました。
06,ワクワク,10,0.78,0.72,「ワクワク」は期待や楽しみを伴うポジティブな感情で、不快感は小さいためvalenceは高めです。同時に胸が高鳴るような興奮・活性化があるためarousalも高めになります。
07,期待が持てる,1,0.62,0.28,「期待が持てる」は将来に対して前向きで安心感を伴うため快（正のvalence）が高めです。一方で興奮よりも穏やかな高揚に近いので、覚醒度（arousal）は中程度よりやや低めと判断しました。
07,期待が持てる,2,0.68,0.32,「期待が持てる」は前向きで快の感情が中心のためvalenceは高め。一方で落ち着いた希望・見通しの良さを含み、興奮や緊張は強くないためarousalは中程度に設定しました。
07,期待が持てる,3,0.65,0.35,「期待が持てる」は前向きな見通しや希望を含むため快（正の感情）が強い一方、興奮というよりは穏やかな高揚なので覚醒度は中程度に留まります。
07,期待が持てる,4,0.65,0.35,「期待が持てる」は将来に対して前向きで快い感情を伴うためvalenceは高めです。一方で、興奮よりも落ち着いた希望に近いことが多く、arousalは中程度にとどまります。
07,期待が持てる,5,0.72,0.34,「期待が持てる」は前向きで希望がある状態を示し、快の度合いが高い。一方で興奮や緊張は強すぎず、穏やかな覚醒として中程度にとどまる。
07,期待が持てる,6,0.62,0.35,「期待が持てる」は将来に対して前向きで安心感のある感情のため快（正のvalence）が高めです。一方で興奮というより穏やかな希望・見通しの良さに近いのでarousalは中程度にとどまります。
07,期待が持てる,7,0.62,0.28,「期待が持てる」は将来に対する前向きな見通しを含み、快の感情が優勢です。一方で興奮というよりは穏やかな希望・安心に近く、覚醒度は中低程度と判断しました。
07,期待が持てる,8,0.72,0.38,「期待が持てる」は将来に対して前向きで快の感情が強いためvalenceは高めです。一方、興奮というよりは穏やかな希望・見通しの良さに近いのでarousalは中程度に設定しました。
07,期待が持てる,9,0.68,0.32,「期待が持てる」は将来に対する前向きさや希望を含むため快（正のvalence）が高めです。一方で落ち着いた期待感で強い興奮ではないことが多く、覚醒度（arousal）は中程度にとどまります。
07,期待が持てる,10,0.72,0.38,「期待が持てる」は将来に対して前向きで希望がある状態を示すため快（高めのvalence）です。一方で落ち着いた楽観に近く、興奮や緊迫は強くないためarousalは中程度に留まります。
08,苛立ち,1,-0.62,0.67,「苛立ち」は不快感や不満が中心の否定的感情であるためvalenceは低めになります。一方で落ち着きのなさや緊張を伴い生理的覚醒が高まりやすいのでarousalは高めです。
08,苛立ち,2,-0.62,0.58,「苛立ち」は不快感や不満が中心のためvalenceは明確にマイナスです。一方で落ち着きのなさや緊張を伴い反応性が高いためarousalはプラス寄りになります。
08,苛立ち,3,-0.62,0.58,「苛立ち」は不快感や否定的評価が強い感情であるためvalenceは低めです。一方で落ち着きのなさ・緊張・衝動性を伴いやすく、覚醒水準は中〜高めになります。
08,苛立ち,4,-0.62,0.58,「苛立ち」は不満や怒りに近い不快感情で、快の方向には向きにくいためvalenceは負寄りです。一方で緊張や落ち着かなさを伴い生理的覚醒が高まりやすいためarousalは正寄りになります。
08,苛立ち,5,-0.68,0.62,苛立ちは不快感や怒りに近い否定的感情であるためvalenceは低めです。一方で落ち着きよりも緊張・興奮を伴いやすく覚醒度は高めになります。
08,苛立ち,6,-0.68,0.63,「苛立ち」は不快感や不満が中心で快ではないためvalenceは負に寄せました。一方で落ち着きのなさや緊張を伴い覚醒度が高いのでarousalは正にしました。
08,苛立ち,7,-0.65,0.55,「苛立ち」は不満や怒りに近い不快感を伴うためvalenceは負に大きめです。一方で落ち着きよりも緊張・高ぶりがあり、覚醒度は中〜高程度になります。
08,苛立ち,8,-0.62,0.58,「苛立ち」は不満や怒りに近い不快感を伴うためvalenceは低めです。一方で落ち着かず緊張や衝動性が高まりやすいのでarousalは高めになります。
08,苛立ち,9,-0.62,0.58,「苛立ち」は不快感や不満が中心の感情で快の要素が少ないためvalenceは低めです。一方で落ち着きにくく緊張・攻撃性が高まりやすい状態なのでarousalは高めになります。
08,苛立ち,10,-0.65,0.7,「苛立ち」は不快感や怒りに近い否定的感情で、状況への不満が強いためvalenceは低めです。一方で緊張や落ち着かなさを伴い行動喚起が高いのでarousalは高めになります。
09,内なる強い怒り,1,-0.78,0.62,「強い怒り」は不快感が強くvalenceは大きくマイナスになりやすい一方、内面で燃えるような緊張・興奮を伴うためarousalは高めになります。ただし「内なる」は外向き爆発よりやや抑制されるため極端な高覚醒までは置きません。
09,内なる強い怒り,2,-0.85,0.75,「内なる強い怒り」は不快感が非常に強く、攻撃性や緊張を伴うためvalenceは大きくマイナスになります。一方で身体的・心理的な興奮や衝動が高まりやすく、arousalは高めになります。
09,内なる強い怒り,3,-0.82,0.74,「内なる強い怒り」は強い不快感・反発を伴うためvalenceは大きく負に寄ります。一方で内面で燃え上がるような緊張や興奮が高く、覚醒度も高いと判断できます。
09,内なる強い怒り,4,-0.78,0.72,「内なる強い怒り」は不快感が強くポジティブさが低いためvalenceは大きくマイナス寄りです。一方で怒りは緊張・興奮を伴いエネルギー水準が高いのでarousalはプラス寄りになります。
09,内なる強い怒り,5,-0.85,0.75,「内なる強い怒り」は強い不快感・敵意を伴うためvalenceは大きくマイナスになります。一方で怒りは生理的覚醒や緊張を高めやすく、強い怒りは特に覚醒度が高いと判断できます。
09,内なる強い怒り,6,-0.78,0.72,「内なる強い怒り」は不快感が強く、快より大きく負の感情価が高いと考えられます。一方で怒りは生理的・心理的な活性化を伴いやすく、内に秘めていても覚醒度は高めになります。
09,内なる強い怒り,7,-0.82,0.72,「内なる強い怒り」は強い不快感・反発を伴うためvalenceは大きく負になります。一方で“強い怒り”は心拍や緊張が高まりやすく、内面に抑え込まれていても覚醒度は高いためarousalは正に寄せます。
09,内なる強い怒り,8,-0.85,0.75,「内なる強い怒り」は強い不快感・反発を伴うため快-不快軸では大きく負（valence低）。一方で怒りは心身の緊張や闘争準備を高める高覚醒の感情であり、強いほどarousalが高くなる。
09,内なる強い怒り,9,-0.78,0.72,「内なる強い怒り」は強い不快感・反発を伴うためvalenceは大きく負になります。一方で怒りは生理的・心理的な活性化が高く、強い怒りほど覚醒度が上がるためarousalは高めに設定します。
09,内なる強い怒り,10,-0.78,0.74,「強い怒り」は強い不快感・敵意を伴うためvalenceは大きく負に寄ります。一方で内面で燃え続ける怒りは生理的・心理的な緊張や活動性が高く、arousalは高めになります。
10,強い怒り,1,-0.85,0.9,強い怒りは非常に不快な感情で、他者への攻撃性やフラストレーションを伴うためvalenceは大きく負になります。また心拍上昇や緊張など生理的覚醒が強く、行動衝動も高いのでarousalは高くなります。
10,強い怒り,2,-0.85,0.9,「強い怒り」は強い不快感・敵意を伴うためvalenceは大きく負になります。一方で身体的・心理的な興奮や衝動性が高くなるためarousalは高めになります。
10,強い怒り,3,-0.85,0.9,「強い怒り」は不快感が非常に強く、他者への攻撃性や苛立ちを伴うためvalenceは大きく負になります。また心拍上昇や緊張など生理的覚醒が高く、行動化しやすいのでarousalは高めになります。
10,強い怒り,4,-0.85,0.85,強い怒りは強い不快感・敵意を伴うためvalenceは大きく負に寄ります。一方で身体的・心理的な興奮や衝動性が高くなるためarousalは高い正に寄ります。
10,強い怒り,5,-0.88,0.85,強い怒りは不快感や敵意が非常に強いためvalenceは大きくマイナスになります。一方で交感神経の活性化や衝動性が高く、行動準備状態になるためarousalは高めです。
10,強い怒り,6,-0.85,0.9,強い怒りは強い不快感・敵意を伴うためvalenceは大きく負になります。また生理的興奮や衝動性が高く、覚醒水準が高いためarousalは高い正の値になります。
10,強い怒り,7,-0.85,0.85,強い怒りは不快感が非常に強く、攻撃性やフラストレーションを伴うためvalenceは大きくマイナスになります。一方で心拍や緊張が高まり行動準備が促進されるためarousalは高くなります。
10,強い怒り,8,-0.85,0.9,強い怒りは不快感が非常に強く、否定的評価が中心となるためvalenceは大きくマイナスになります。一方で攻撃・対処行動を促す高い生理的覚醒を伴うためarousalは高めになります。
10,強い怒り,9,-0.85,0.9,「強い怒り」は強い不快感・敵意を伴うためvalenceは大きく負に寄ります。一方で心拍上昇や衝動性など生理的覚醒が高く、arousalは高い正の値になります。
10,強い怒り,10,-0.85,0.9,強い怒りは強い不快感・拒否感を伴うためvalenceは大きく負に寄ります。一方で身体的・心理的な興奮や衝動性が高まりやすく、覚醒度は高いと考えられます。
11,激しい怒り,1,-0.9,0.92,激しい怒りは強い不快感・敵意を伴うためvalenceは大きく負になります。一方で生理的覚醒や衝動性が高くエネルギーが増大するためarousalは高く正になります。
11,激しい怒り,2,-0.9,0.9,激しい怒りは強い不快感や敵意を伴うためvalenceは大きく負になります。一方で身体的・心理的な興奮が高く、行動衝動も強いためarousalは高い正になります。
11,激しい怒り,3,-0.92,0.88,「激しい怒り」は強い不快感・攻撃性を伴うためvalenceは大きく負に寄ります。また身体的・心理的覚醒が非常に高く衝動性も増すためarousalは高めになります。
11,激しい怒り,4,-0.85,0.9,激しい怒りは強い不快感・敵意を伴うためvalenceは大きく負です。一方で生理的覚醒や衝動性が高く、行動を促す感情なのでarousalは高く正になります。
11,激しい怒り,5,-0.92,0.9,「激しい怒り」は強い不快感を伴う否定的情動であり、快-不快軸では大きく不快側に位置づくためvalenceを低くしました。同時に身体的・心理的な興奮や衝動性が高く覚醒水準が非常に高いのでarousalを高めに設定しました。
11,激しい怒り,6,-0.85,0.9,「激しい怒り」は強い不快感・敵意を伴うためvalenceは大きく負に寄ります。一方で生理的興奮や衝動性が高く、覚醒度が非常に高い状態なのでarousalは正に大きいです。
11,激しい怒り,7,-0.902,0.88,激しい怒りは強い不快感と対立・攻撃性を伴うためvalenceは大きく負に寄ります。また身体的興奮や衝動性が高く、覚醒水準が非常に高い感情です。
11,激しい怒り,8,-0.9,0.9,激しい怒りは強い不快感・敵意を伴うためvalenceは大きく負に寄ります。一方で身体的緊張や衝動性が高く覚醒度が非常に高いためarousalは大きく正になります。
11,激しい怒り,9,-0.903,0.89,「激しい怒り」は強い不快感・敵意を伴うためvalenceは大きく負に寄ります。一方で身体的・心理的な興奮や緊張が高く、行動化しやすい高覚醒状態なのでarousalは高く正になります。
11,激しい怒り,10,-0.88,0.92,「激しい怒り」は強い不快感・反発を伴うためvalenceは大きく負に寄ります。また心拍上昇や衝動性など生理的覚醒が高い状態のためarousalは高めになります。
12,疲れた,1,-0.45,-0.35,「疲れた」はエネルギー低下や負担感を伴い、一般に不快寄りの感情として評価されやすいです。また活動性が下がり、覚醒度も低めになるためarousalは低めに設定します。
12,疲れた,2,-0.45,-0.35,「疲れた」はエネルギー低下やだるさを伴い、快より不快寄りになりやすい。活動性も下がるため覚醒度は低め（マイナス）と判断した。
12,疲れた,3,-0.45,-0.55,「疲れた」は身体的・精神的な消耗を示し、快より不快寄りになりやすい。活動性やエネルギーが低下している状態なので覚醒度も低めと判断した。
12,疲れた,4,-0.45,-0.55,「疲れた」は不快寄りの感情で、エネルギー低下や消耗感を伴うためvalenceはマイナスになります。興奮や活動性は低く、むしろ眠気・倦怠感が強いのでarousalも低めに設定します。
12,疲れた,5,-0.45,-0.35,「疲れた」は不快寄りの感情で、気分は下がりやすいためvalenceはマイナス。活動性・覚醒度も低下しやすい状態なのでarousalもやや低めに設定しました。
12,疲れた,6,-0.45,-0.55,「疲れた」は身体的・精神的な消耗感を伴い、不快寄りの感情として評価されやすいです。またエネルギー低下やだるさが中心で、覚醒度は低めになります。
12,疲れた,7,-0.45,-0.35,「疲れた」は身体的・精神的な消耗による不快感が中心で、快より不快に寄るためvalenceは負になります。また活動性や覚醒度が下がり休息志向になるため、arousalはやや低めになります。
12,疲れた,8,-0.55,-0.35,「疲れた」は心身の消耗を示し、快より不快寄りになりやすい一方、興奮や緊張は低下している状態が多いため覚醒度は低めと判断しました。強い抑うつよりは日常的な倦怠感の範囲を想定しています。
12,疲れた,9,-0.45,-0.55,「疲れた」は身体的・精神的な消耗による不快感が中心で、快より不快に傾きます。またエネルギー低下やだるさを伴い、覚醒度は低めになります。
12,疲れた,10,-0.45,-0.35,「疲れた」は身体的・精神的な消耗により不快感が出やすく、快ではないためvalenceは負寄り。活動性やエネルギーが低下した状態を示すのでarousalはやや低めになります。
13,疲れ果てた,1,-0.72,-0.35,「疲れ果てた」は強い消耗感・不快感を伴うためvalenceは大きくマイナスになります。一方でエネルギーが低下し活動性が落ちた状態なのでarousalはやや低め（マイナス）と判断します。
13,疲れ果てた,2,-0.65,-0.35,「疲れ果てた」は強い消耗感・不快感を伴うためvalenceは低めです。一方で活動性や緊張は下がりやすく、だるさ・無力感が中心なのでarousalはやや低めと判断しました。
13,疲れ果てた,3,-0.65,-0.40001,「疲れ果てた」は強い消耗感や不快感を伴うためvalenceはかなり低い。一方でエネルギーが枯渇しており興奮・覚醒水準は低めと判断できる。
13,疲れ果てた,4,-0.75,-0.4000000000000002,「疲れ果てた」は強い消耗感・不快感を伴うため快‐不快軸ではかなり不快寄りになります。一方で活動エネルギーが低下した状態なので覚醒度は低め（非覚醒寄り）と判断します。
13,疲れ果てた,5,-0.75,-0.35,「疲れ果てた」は心身の消耗による不快感が強く、快より大きくマイナスの感情です。一方でエネルギーが枯渇しており、緊張や興奮は低めなので覚醒度はやや低いと判断しました。
13,疲れ果てた,6,-0.7000000000000001,-0.5,「疲れ果てた」は強い消耗感や不快感を伴い、快より不快が優勢です。またエネルギーが枯渇していて活動性が低いため、覚醒度は低めになります。
13,疲れ果てた,7,-0.74,-0.38,「疲れ果てた」は強い消耗感や不快感を伴い、気分は明確にネガティブ寄りです。一方でエネルギーが枯渇しており、興奮や緊張は低く覚醒度は低めになります。
13,疲れ果てた,8,-0.65,-0.35,「疲れ果てた」は強い消耗感や不快感を伴うため快適さは低く、valenceは負に寄ります。一方でエネルギーが枯渇して動きが鈍る状態を含むので覚醒度は低め（ただし苦しさで中程度になる場合もある）と判断しました。
13,疲れ果てた,9,-0.78,-0.55,「疲れ果てた」は強い消耗感・不快感を伴うためvalenceは大きくマイナスになります。一方でエネルギーが枯渇し活動性が低い状態なのでarousalは低め（マイナス）と判断します。
13,疲れ果てた,10,-0.702,-0.49,「疲れ果てた」は強い消耗感・つらさを伴い快ではないためvalenceは低めです。一方でエネルギーが枯渇し活動性が下がる状態なのでarousalは低め（非覚醒寄り）になります。
14,嬉しい驚き,1,0.85,0.75,「嬉しい驚き」は予期せぬ良い出来事に対するポジティブな感情なので快（高valence）に寄ります。驚きは生理的覚醒や注意の喚起が強いためarousalも高めになります。
14,嬉しい驚き,2,0.78,0.72,「嬉しい驚き」は予想外の出来事に対するポジティブな評価を含むため快（高valence）で、驚きの要素により覚醒水準も高くなります。興奮や高揚感が伴いやすい点からarousalを高めに設定しました。
14,嬉しい驚き,3,0.78,0.72,「嬉しい驚き」は驚きによる高い覚醒度を伴いながら、結果が望ましいため快の感情が強い。驚き要素がある分、落ち着いた喜びよりも arousal は高めになる。
14,嬉しい驚き,4,0.78,0.62,「嬉しい驚き」は予想外の出来事に対する喜びを伴うため快（高valence）で、驚き要素により注意喚起・興奮が高まりやすいので覚醒度も高めになる。
14,嬉しい驚き,5,0.78,0.7,「嬉しい驚き」は喜びが中心で快の感情が強く、valenceは高めになります。驚き要素により心拍や注意が上がりやすく覚醒度も高めです。
14,嬉しい驚き,6,0.78,0.72,「嬉しい驚き」は予想外の出来事をポジティブに受け止める感情で、快の度合いが高い。驚き要素により心拍や注意が上がりやすく、覚醒水準も高めになる。
14,嬉しい驚き,7,0.75,0.7,「嬉しい驚き」はポジティブな出来事に対する驚きで快の感情が強く、valenceは高めになります。また驚きは生理的覚醒を伴いやすく興奮度も高いため、arousalも高めに設定します。
14,嬉しい驚き,8,0.78,0.72,「嬉しい驚き」はポジティブな出来事への驚きで快の感情が強いためvalenceは高めです。同時に驚きは瞬間的な覚醒・興奮を伴うのでarousalも高めになります。
14,嬉しい驚き,9,0.78,0.72,「嬉しい驚き」は予期せぬ出来事に対する喜びが中心で快の感情が強いためvalenceは高めになります。驚きは注意と身体反応を伴い覚醒度が上がりやすいのでarousalも高めです。
14,嬉しい驚き,10,0.78,0.72,「嬉しい驚き」は予期せぬ出来事を肯定的に受け取る感情で、快の度合いが高い。驚き要素により心拍や注意が上がりやすく、覚醒度も高めになるため。
15,とても嬉しい驚き,1,0.9,0.8,「とても嬉しい驚き」は強い快感情（喜び）を伴うためvalenceは高く、驚きは身体的・注意的覚醒を高めるためarousalも高めになります。さらに「とても」が強度を上げるため両者を高めに設定しました。
15,とても嬉しい驚き,2,0.9,0.85,「とても嬉しい驚き」は強い快の感情を伴うためvalenceは高い。驚きは覚醒度が高く、さらに「とても」で強度が増すのでarousalも高い。
15,とても嬉しい驚き,3,0.85,0.8,「とても嬉しい驚き」は喜びが強く快の度合いが高いためvalenceは高め。驚き要素により興奮・覚醒度が上がるのでarousalも高めに設定します。
15,とても嬉しい驚き,4,0.85,0.75,「とても嬉しい驚き」は強い快感情を伴うポジティブな驚きで、喜びの成分が大きいためvalenceは高めです。驚きは生理的覚醒を伴いやすく、「とても」により強度も高いのでarousalも高めに設定しました。
15,とても嬉しい驚き,5,0.88,0.82,「とても嬉しい驚き」は喜びが強く不快感がほぼないためvalenceは高いです。また驚きは生理的覚醒を伴い、強い嬉しさも興奮を高めるのでarousalも高めになります。
15,とても嬉しい驚き,6,0.88,0.78,「とても嬉しい驚き」は強い喜びを伴うポジティブ感情のためvalenceは高いです。驚きは生理的覚醒を伴いやすく、さらに「とても」により強度が上がるためarousalも高めになります。
15,とても嬉しい驚き,7,0.9,0.8,「とても嬉しい驚き」は強い快情動を伴うポジティブな驚きで、気分の上昇が大きいと考えられます。また驚き要素により生理的・心理的な覚醒水準も高くなります。
15,とても嬉しい驚き,8,0.88,0.82,「とても嬉しい驚き」は強い喜びを伴うため快（valence）が高く、驚き要素により生理的覚醒も高くなると判断しました。強度表現「とても」が両者をさらに押し上げます。
15,とても嬉しい驚き,9,0.86,0.79,「とても嬉しい驚き」は強い喜びを伴うため快（valence）は高い。一方、驚きと「とても」により生理的覚醒や興奮が強く、arousalも高めになる。
15,とても嬉しい驚き,10,0.85,0.9,「とても嬉しい驚き」は快の感情が強く、ポジティブな評価が中心のためvalenceは高い。驚きと強い喜びが伴い生理的覚醒も高まるためarousalも高い。
16,不快な驚き,1,-0.701,0.72,「不快な驚き」は予期せぬ出来事への驚きに加え不快感・嫌悪が伴うため快-不快は大きくマイナスになります。一方で驚きは生理的覚醒を強く引き起こすのでarousalは高めです。
16,不快な驚き,2,-0.65,0.7,「不快な驚き」は予期しない出来事への驚きにネガティブ評価（嫌悪・不安・警戒）が伴うため快‐不快はマイナス寄りになります。驚き自体は急激な注意喚起を伴い生理的覚醒が高まりやすいのでarousalは高めです。
16,不快な驚き,3,-0.65,0.7,「不快な驚き」は予期せぬ出来事への驚きにネガティブ評価が伴うため快-不快軸では不快寄りになります。一方、驚き自体は急な注意喚起と生理的活性を伴うため覚醒度は高めです。
16,不快な驚き,4,-0.62,0.72,「不快な驚き」は予期せぬ出来事への驚きに否定的評価（不快・恐れ・嫌悪）が伴うためvalenceはマイナス寄りになります。一方、驚きは注意喚起と身体的反応が強く出やすく覚醒度が高いためarousalは高めに設定します。
16,不快な驚き,5,-0.65,0.75,「不快な驚き」は予期しない出来事に対する驚きに嫌悪・不安が伴うため快は低く（負のvalence）、驚きの性質上心身の覚醒が高くなる（高arousal）と判断しました。
16,不快な驚き,6,-0.65,0.75,「不快な驚き」は予期せぬ出来事への驚愕にネガティブ評価が伴うため快-不快は不快寄りになります。一方、驚きは注意喚起・身体反応が強く出やすく、覚醒度は高めになります。
16,不快な驚き,7,-0.65,0.7,「不快な驚き」は予期せぬ出来事への驚愕に加えて嫌悪・不安などの不快感が強いためvalenceは低めになります。一方で驚きは生理的覚醒を伴いやすく、注意が急激に高まるためarousalは高めです。
16,不快な驚き,8,-0.65,0.7,「不快な驚き」は予期しない出来事への驚きに否定的評価が伴うためvalenceは低めです。一方で驚き自体は注意喚起・心拍上昇など覚醒度が高いのでarousalは高めになります。
16,不快な驚き,9,-0.65,0.7,「不快な驚き」は予期せぬ出来事に対する驚きでありつつ、評価がネガティブなので快不快は大きく不快側に寄ります。驚きは生理的覚醒を伴いやすいため、覚醒度は高めになります。
16,不快な驚き,10,-0.65,0.7,「不快な驚き」は予期せぬ出来事への驚きに嫌悪・恐怖などの否定的評価が加わるため快適さは低い。驚きは注意・覚醒を急上昇させる感情なので arousal は高めになる。
17,嫌悪を伴う驚き,1,-0.75,0.65,「嫌悪」は強い不快感を伴うためvalenceは大きく負に寄ります。一方「驚き」は注意喚起・反応の即時性が高く覚醒度を上げるため、嫌悪を伴う場合でもarousalは中～高程度になります。
17,嫌悪を伴う驚き,2,-0.65,0.75,「嫌悪」は強い不快感を伴うためvalenceは大きくマイナス寄りになります。「驚き」は瞬間的な注意喚起で覚醒度が高く、嫌悪が加わることで緊張感が増すためarousalは高めです。
17,嫌悪を伴う驚き,3,-0.62,0.58,驚きは不確実性と注意喚起を伴い覚醒度を上げる一方、「嫌悪」が加わることで評価は明確に不快側へ傾くためです。嫌悪は回避動機と生理的反発を伴うため、快ではなく負のvalenceになりやすいです。
17,嫌悪を伴う驚き,4,-0.65,0.7,驚きは注意が急激に高まり覚醒度が上がる一方、嫌悪が伴うことで強い不快感が生じるためvalenceは大きくマイナスになります。混合感情として驚きの高覚醒が維持されるのでarousalは高めに設定しました。
17,嫌悪を伴う驚き,5,-0.65,0.7,嫌悪は強い不快感を伴うためvalenceは大きくマイナス寄りになります。驚きは瞬間的な覚醒・注意喚起を高め、嫌悪と結びつくと緊張が増すためarousalは高めになります。
17,嫌悪を伴う驚き,6,-0.65,0.7,「嫌悪を伴う驚き」は不快感（嫌悪）が主成分のためvalenceは大きくマイナスになります。一方、驚きは急激な注意喚起と身体的反応を伴うためarousalは高めになります。
17,嫌悪を伴う驚き,7,-0.65,0.7,驚きは急な注意喚起を伴い覚醒度が高くなりやすい一方、嫌悪が加わることで情動価は強く不快側に傾きます。したがって不快寄りで高覚醒の組み合わせとして評価しました。
17,嫌悪を伴う驚き,8,-0.65,0.55,嫌悪は強い不快感を伴うためvalenceは低めになります。驚きは注意喚起・反応を高めるため覚醒水準が上がり、嫌悪の緊張も加わってarousalは中〜高程度になります。
17,嫌悪を伴う驚き,9,-0.65,0.7,嫌悪は強い不快感を伴うためvalenceは大きくマイナス寄りになります。驚きは瞬間的な注意喚起と身体反応を高めるため、嫌悪が加わると覚醒度は高めになります。
17,嫌悪を伴う驚き,10,-0.65,0.6,「嫌悪」は強い不快感を伴うためvalenceは大きく負になります。一方「驚き」は覚醒度を高めやすく、嫌悪による警戒も加わるためarousalは中～高めになります。
18,目を伏せたくなるようなとても不快な驚き,1,-0.92,0.78,「目を伏せたくなるようなとても不快な驚き」は強い嫌悪・羞恥を伴うネガティブ感情で快の度合いが非常に低いです。一方で「驚き」は急激な反応を伴い覚醒水準が高くなりやすいためarousalは高めになります。
18,目を伏せたくなるようなとても不快な驚き,2,-0.9000000000000001,0.7,「目を伏せたくなるようなとても不快な驚き」は強い嫌悪・羞恥を伴うネガティブな驚きで、快不快は大きく不快側に寄ります。一方で「驚き」は急激な注意喚起を伴うため覚醒度は高めになります。
18,目を伏せたくなるようなとても不快な驚き,3,-0.92,0.66,「目を伏せたくなるようなとても不快な驚き」は強い嫌悪・羞恥混じりのネガティブ感情で快適さが極めて低いためvalenceを大きく負にしました。驚きは急激な注意喚起を伴い覚醒度が高い一方、萎縮もあるため中〜高程度のarousalに設定しました。
18,目を伏せたくなるようなとても不快な驚き,4,-0.88,0.62,「目を伏せたくなるようなとても不快な驚き」は強い嫌悪・羞恥を伴うネガティブな驚きで快-不快軸は大きく不快側に寄ります。一方で驚きは注意喚起と緊張を伴い覚醒度は高めですが、萎縮・回避の要素もあるため極端な高覚醒まではいかないと判断しました。
18,目を伏せたくなるようなとても不快な驚き,5,-0.86,0.72,「とても不快な驚き」は強い嫌悪・ショックを伴うため快-不快軸は大きくマイナスになります。また驚きは生理的覚醒を高めやすく、「目を伏せたくなる」ほどの強度から覚醒度も高めと判断しました。
18,目を伏せたくなるようなとても不快な驚き,6,-0.9,0.7,「目を伏せたくなるようなとても不快」は強い不快感・嫌悪を示すためvalenceは大きく負側に寄ります。一方「驚き」は覚醒度を高めやすく、強い不快と結びつくことで緊張・動揺が強くなるためarousalは高めです。
18,目を伏せたくなるようなとても不快な驚き,7,-0.88,0.72,「とても不快な驚き」は強い嫌悪・不快を伴うためvalenceは大きく負に寄ります。一方で驚きは注意喚起と緊張を高めやすく、回避したくなるほどの強さからarousalも高めと判断しました。
18,目を伏せたくなるようなとても不快な驚き,8,-0.88,0.72,「目を伏せたくなるようなとても不快な驚き」は嫌悪や羞恥を伴う強い不快感が中心で、快-不快次元は大きくマイナスになります。一方で「驚き」は急激な注意喚起・緊張を伴うため覚醒度は高めになります。
18,目を伏せたくなるようなとても不快な驚き,9,-0.92,0.72,「目を伏せたくなるようなとても不快な驚き」は強い嫌悪・羞恥を伴うネガティブ感情で快適さがほぼないためvalenceは大きくマイナス。驚きは注意喚起と緊張を高めるため生理的覚醒が高く、arousalはプラス寄りになる。
18,目を伏せたくなるようなとても不快な驚き,10,-0.88,0.72,「とても不快な驚き」は強い嫌悪・ショックを伴うため快‐不快軸は大きく不快側に寄ります。また「驚き」は生理的覚醒を伴い、「目を伏せたくなる」ほどの強度があるため覚醒度も高めになります。
19,嫌悪感,1,-0.85,0.4,嫌悪感は強い不快感・拒絶反応を伴うためvalenceは大きくマイナスになります。一方で生理的な警戒や回避を促し適度な覚醒を伴うため、arousalは中程度のプラスとしました。
19,嫌悪感,2,-0.85,0.45,嫌悪感は強い不快・拒否の情動で、快-不快次元では大きく負に位置づきます。一方で生理的な回避反応や緊張を伴い、覚醒度は中程度に高いと考えられます。
19,嫌悪感,3,-0.85,0.45,嫌悪感は強い不快感や拒絶を伴うためvalenceは大きくマイナスになります。一方で吐き気や回避行動を促す生理的反応が起こりやすく、適度に覚醒水準が上がるためarousalは中程度のプラスとしました。
19,嫌悪感,4,-0.85,0.4,嫌悪感は対象を強く不快・拒絶したい感情であり、快から大きく外れるためvalenceは低い。生理的反応や回避行動を伴い一定の覚醒はあるが、怒りほど高覚醒ではないため中程度のarousalとした。
19,嫌悪感,5,-0.85,0.4,嫌悪感は強い不快感を伴い、対象から距離を取ろうとする感情のためvalenceは大きく負になります。一方で生理的な反応や回避行動を促す適度な覚醒が起こるため、arousalは中程度の正としました。
19,嫌悪感,6,-0.85,0.55,嫌悪感は対象から距離を取り排除したいという強い不快感を伴うためvalenceは大きく負になります。一方で吐き気・警戒などの身体反応を伴いやすく覚醒度は中〜やや高めになります。
19,嫌悪感,7,-0.85,0.4,嫌悪感は強い不快感・拒否反応を伴うためvalenceは大きく負になります。一方で対象から距離を取る回避行動を促し適度な覚醒を伴うことが多いので、arousalは中程度の正としました。
19,嫌悪感,8,-0.85,0.45,嫌悪感は対象を不快・拒絶すべきものとして評価するため、快-不快次元では強い不快（低valence）に寄ります。一方で吐き気や回避反応などの生理的・注意的反応を伴い中程度に覚醒が上がるため、arousalは中程度の正寄りとしました。
19,嫌悪感,9,-0.85,0.35,嫌悪感は対象を強く不快に感じ回避したくなる感情で、快-不快軸では大きく負に傾きます。一方で怒りほど高覚醒ではないことも多いものの、身の危険や汚染への反応として一定の覚醒を伴います。
19,嫌悪感,10,-0.85,0.35,嫌悪感は強い不快感・拒否反応を伴うためvalenceは大きく負になります。一方で生理的な身構えや回避を促す覚醒は中程度で、怒りほど高くないためarousalはやや正に設定します。
20,強い嫌悪感,1,-0.92,0.62,「強い嫌悪感」は強い不快感を伴うためvalenceは大きくマイナスになります。一方で生理的な拒否反応や回避行動を促しやすく、覚醒水準も高めになりやすいです。
20,強い嫌悪感,2,-0.88,0.62,「強い嫌悪感」は強い不快・拒絶の感情で快方向から大きく離れるためvalenceは大きくマイナスです。強い嫌悪は身体的反応や注意の高まりを伴いやすく、覚醒度も高めになります。
20,強い嫌悪感,3,-0.9,0.7,「強い嫌悪感」は非常に不快で回避動機が強い感情のためvalenceは大きくマイナスになります。また生理的反発や警戒が高まりやすく覚醒度も高めになるためarousalはプラス寄りです。
20,強い嫌悪感,4,-0.9,0.7,「強い嫌悪感」は強い不快・拒否の感情で快から大きく離れるためvalenceは大きく負になります。一方で生理的反応や回避行動を促しやすく覚醒度も高めなのでarousalは正寄りにしました。
20,強い嫌悪感,5,-0.901,0.65,「強い嫌悪感」は強い不快感を伴うためvalenceは大きくマイナスに設定しました。一方で生理的な拒否反応や回避行動を促し覚醒度も高まりやすいため、arousalはプラス寄りにしました。
20,強い嫌悪感,6,-0.88,0.72,「強い嫌悪感」は強い不快・拒絶反応を伴うためvalenceは大きくマイナスになります。また、身体的な緊張や回避衝動が高まりやすく覚醒水準も高めです。
20,強い嫌悪感,7,-0.88,0.62,「強い嫌悪感」は対象を強く不快・拒否したい感情で、快の反対側に大きく振れるためvalenceは低い。身体的反応や回避衝動が強く生じやすく、覚醒度も高めになるためarousalを正の値にした。
20,強い嫌悪感,8,-0.92,0.62,強い嫌悪感は強い不快感を伴い、対象から遠ざかりたい回避動機が中心となるためvalenceは大きく負になります。一方で身体的な緊張や注意の高まりを伴いやすく、覚醒度も比較的高いと判断しました。
20,強い嫌悪感,9,-0.9,0.75,「強い嫌悪感」は強い不快感・拒否感を伴うためvalenceは大きく負になります。また、生理的反応や回避衝動が強く出やすく覚醒度も高めなのでarousalは正の高めに置きます。
20,強い嫌悪感,10,-0.9,0.75,「強い嫌悪感」は強い不快感を伴うためvalenceは大きくマイナスになります。また生理的な拒否反応や警戒を伴い心理的な活性が高まりやすいのでarousalは高めです。
21,興味を伴う嫌悪感,1,-0.35,0.45,「嫌悪感」は不快寄りでvalenceはマイナスだが、「興味を伴う」ことで好奇心が混ざり不快の強さがやや緩和されると判断しました。興味・探索動機により注意が高まりやすく、arousalは中程度に高いと見積もりました。
21,興味を伴う嫌悪感,2,-0.35,0.4,嫌悪感が主成分のため快-不快は不快寄りだが、「興味」が混ざることで純粋な嫌悪よりは緩和されます。興味・探索動機により注意が高まり、回避だけでなく接近も生じうるため覚醒度は中程度に上がります。
21,興味を伴う嫌悪感,3,-0.45,0.35,嫌悪感が主成分のため不快側（負のvalence）だが、「興味」を伴うことで純粋な嫌悪よりは中和されます。関心・注視が入るため覚醒はやや高まる一方、恐怖や激怒ほどの高覚醒ではありません。
21,興味を伴う嫌悪感,4,-0.45,0.55,「嫌悪感」は基本的に不快で回避動機が強くvalenceは負になりますが、「興味を伴う」により好奇心・接近動機が混ざるため不快さは中程度に緩和されます。興味と嫌悪の葛藤は注意を強く引き覚醒水準を上げやすいのでarousalはやや高めになります。
21,興味を伴う嫌悪感,5,-0.35,0.45,嫌悪感が中心のため快‐不快軸では不快寄りになる一方、「興味」を伴うことで純粋な嫌悪よりもわずかに中和されます。興味は注意の向きを強めるため覚醒度は中程度に高まります。
21,興味を伴う嫌悪感,6,-0.35,0.45,嫌悪感が主成分のため不快寄り（負のvalence）だが、「興味」を伴うことで純粋な嫌悪よりは中和される。興味・探索動機が加わり注意が高まるため、arousalは中程度に高い。
21,興味を伴う嫌悪感,7,-0.45,0.35,嫌悪感が主成分のため快―不快軸では不快寄りになりますが、「興味」を伴うことで純粋な嫌悪よりも不快度は緩和されます。興味・好奇心が注意を喚起するため覚醒度は中程度に上がります。
21,興味を伴う嫌悪感,8,-0.55,0.45,嫌悪感が中心のため快‐不快の評価は不快寄り（負）になりますが、「興味を伴う」ことで純粋な嫌悪より好奇心が混ざり、極端な負にはなりにくいです。興味は注意喚起と接近動機を高めるため覚醒度は中程度に高めと判断します。
21,興味を伴う嫌悪感,9,-0.35,0.45,嫌悪感が中心のため快‐不快は不快側に寄る一方、「興味を伴う」ことで純粋な嫌悪より若干中和されます。興味・好奇心により注意が向きやすく覚醒度は中程度に高まります。
21,興味を伴う嫌悪感,10,-0.55,0.45,嫌悪感が主体のため快より不快が優勢でvalenceはマイナスになります。一方で「興味」を伴うことで回避一辺倒ではなく注意・探索が生じ、覚醒度は中程度に高まると考えられます。
22,深刻ではない強い嫌悪感,1,-0.78,0.55,「強い嫌悪感」は強い不快を伴うためvalenceは大きく負になります。一方で「深刻ではない」は脅威や重苦しさが低く、覚醒は高すぎず中程度に留まると判断しました。
22,深刻ではない強い嫌悪感,2,-0.72,0.55,「強い嫌悪感」は快-不快次元で明確に不快側に寄るためvalenceは低めになります。一方「深刻ではない」は恐怖や切迫感よりも生理的な反発・警戒に近く、中～やや高い覚醒としてarousalを中程度にしました。
22,深刻ではない強い嫌悪感,3,-0.78,0.62,「強い嫌悪感」は不快の度合いが大きいためvalenceは大きく負に寄せます。一方で「深刻ではない」は切迫感や恐怖よりは低めですが、嫌悪は生理的反応を伴い覚醒は中〜高程度になるためarousalを正に設定します。
22,深刻ではない強い嫌悪感,4,-0.82,0.62,嫌悪感は強い不快感を伴うためvalenceは大きくマイナスになります。一方「深刻ではない」ことで恐怖や切迫感は弱まりつつも、「強い」嫌悪は生理的反発を伴い覚醒度は中～高程度になります。
22,深刻ではない強い嫌悪感,5,-0.78,0.62,「嫌悪感」は強い不快情動のためvalenceは大きくマイナスになります。一方で「深刻ではない」ため恐怖や危機感ほどではないが、「強い」嫌悪は反応を促しやすく覚醒水準は中〜高めになります。
22,深刻ではない強い嫌悪感,6,-0.78,0.62,「強い嫌悪感」は強い不快さを伴うためvalenceは大きく負側になります。一方で「深刻ではない」は危機感や持続的な緊張は弱めるものの、嫌悪自体は反応性が高く身体的覚醒を伴いやすいためarousalは中～やや高めと判断します。
22,深刻ではない強い嫌悪感,7,-0.78,0.62,「嫌悪感」は強い不快情動でvalenceは大きく負になります。一方「深刻ではない」ため絶望や恐怖ほどではないが、「強い」ので生理的な覚醒は中～やや高めと判断しました。
22,深刻ではない強い嫌悪感,8,-0.78,0.62,「強い嫌悪感」は明確に不快で回避動機が強いためvalenceは大きく負に置きます。一方「深刻ではない」は恐怖や絶望ほどの高覚醒ではないものの、強い嫌悪は生理的反応を伴いやすいのでarousalは中～やや高めに設定します。
22,深刻ではない強い嫌悪感,9,-0.78,0.55,嫌悪感は強い不快感を伴うためvalenceは大きく負になります。一方で「強い」嫌悪は生理的反応や回避動機を高めるため覚醒度は中～高ですが、「深刻ではない」ため極端には高くしません。
22,深刻ではない強い嫌悪感,10,-0.75,0.55,「強い嫌悪感」は不快度が高くvalenceは大きくマイナスになります。一方で「深刻ではない」は危機感や持続的ストレスが低いことを示すため、arousalは高めだが極端にはならない中～やや高程度と判断しました。
23,少し恥ずかしくて嫌な気持ち,1,-0.45,0.25,「少し恥ずかしくて嫌な気持ち」は不快感が中心でvalenceはマイナス寄りになりますが、「少し」とあるため強度は中程度に留まります。恥ずかしさは軽い緊張や自己意識の高まりを伴うため、arousalはやや高め（ただし強い覚醒ではない）と判断しました。
23,少し恥ずかしくて嫌な気持ち,2,-0.55,0.35,「恥ずかしい」は自己意識の高まりと軽い緊張を伴い不快寄りになりやすく、「嫌な気持ち」が明確にネガティブなのでvalenceは中程度のマイナスにしました。一方で「少し」とあるため強い興奮・動揺ではなく、arousalは軽〜中程度の覚醒と判断しました。
23,少し恥ずかしくて嫌な気持ち,3,-0.55,0.3,「恥ずかしい」「嫌な気持ち」は不快寄りの感情で、自己意識の高まりや軽い緊張を伴うためvalenceは低めです。一方で「少し」とあるため覚醒度は中程度よりやや低めに見積もります。
23,少し恥ずかしくて嫌な気持ち,4,-0.55,0.35,「少し恥ずかしくて嫌な気持ち」は不快感が中心でvalenceはマイナス寄りです。一方、恥ずかしさは緊張や自己意識を伴い適度に覚醒水準が上がるためarousalはややプラスにしました。
23,少し恥ずかしくて嫌な気持ち,5,-0.55,0.35,「恥ずかしい」による自己意識の高まりと軽い緊張があり覚醒度はやや高めです。一方で「嫌な気持ち」が明確に不快を示すため、快-不快（valence）は中程度にマイナスと判断しました。
23,少し恥ずかしくて嫌な気持ち,6,-0.45,0.25,「恥ずかしい」は自己意識の高まりと軽い緊張を伴うため不快寄りで、ただし「少し」なので強い苦痛ではありません。嫌な気持ちが加わる一方、覚醒は中程度の上振れにとどまると判断しました。
23,少し恥ずかしくて嫌な気持ち,7,-0.55,0.25,恥ずかしさに加えて「嫌な気持ち」が含まれるため全体として不快寄りの感情でvalenceは負になります。一方「少し」とあるため覚醒度は高すぎず、軽い緊張・落ち着かなさ程度の中低 arousal と判断しました。
23,少し恥ずかしくて嫌な気持ち,8,-0.55,0.35,"恥ずかしさに加えて「嫌な気持ち」が明示されているため不快寄りでvalenceは低め。""少し""とあるので強い動揺ではなく、中程度の覚醒としてarousalはやや高めにしました。"
23,少し恥ずかしくて嫌な気持ち,9,-0.55,0.35,「少し恥ずかしくて嫌な気持ち」は不快感が中心で、自己意識の高まりに伴う軽いストレス反応があるためvalenceは負寄りになります。一方で「少し」とあるため覚醒度は中程度の上昇にとどまると判断しました。
23,少し恥ずかしくて嫌な気持ち,10,-0.45,0.35,「恥ずかしい」は自己意識が高まり不快寄りの感情で、ただし「少し」なので強い苦痛ではありません。嫌な気持ちも含むためvalenceは負、恥による緊張で適度に覚醒が上がるためarousalは中程度の正としました。
24,とても恥ずかしくて嫌な気持ち,1,-0.78,0.62,「恥ずかしい」「嫌な気持ち」は強い不快感を伴う否定的情動で、valenceは低くなります。一方、羞恥は自己意識の高まりや緊張を伴い生理的覚醒も比較的高いためarousalは正寄りです。
24,とても恥ずかしくて嫌な気持ち,2,-0.78,0.62,「恥ずかしくて嫌な気持ち」は自己評価の低下や回避欲求を伴う不快情動であるためvalenceは強くマイナス寄りです。一方で羞恥は緊張・動揺などの生理的覚醒を伴いやすいのでarousalは中～高めになります。
24,とても恥ずかしくて嫌な気持ち,3,-0.78,0.62,「とても恥ずかしくて嫌な気持ち」は自己評価の低下や不快感が強い否定的感情であるためvalenceは大きくマイナスに寄せました。一方で恥ずかしさは緊張・動揺を伴いやすく生理的覚醒が高まるためarousalはプラス寄りに設定しました。
24,とても恥ずかしくて嫌な気持ち,4,-0.78,0.62,「とても恥ずかしくて嫌な気持ち」は強い不快感（自己否定・苦痛）を伴うためvalenceは大きくマイナスです。一方で恥ずかしさは緊張や動揺を伴い覚醒度が高まりやすいのでarousalはプラス寄りになります。
24,とても恥ずかしくて嫌な気持ち,5,-0.78,0.52,「恥ずかしくて嫌な気持ち」は強い不快感・自己否定感を伴うためvalenceは低めです。一方で恥は緊張や動揺を生みやすく、適度に覚醒水準が上がるためarousalは中程度の正にしました。
24,とても恥ずかしくて嫌な気持ち,6,-0.78,0.62,「とても恥ずかしくて嫌な気持ち」は強い不快感を伴うためvalenceは大きくマイナスになります。一方、羞恥は緊張や動揺を引き起こしやすく覚醒度が上がるためarousalはプラス寄りです。
24,とても恥ずかしくて嫌な気持ち,7,-0.78,0.62,「とても恥ずかしくて嫌な気持ち」は強い不快感（自己否定・回避）を伴うためvalenceは大きくマイナス。恥は緊張や動揺を引き起こしやすく、生理的覚醒も高まりやすいのでarousalはプラス寄り。
24,とても恥ずかしくて嫌な気持ち,8,-0.82,0.58,強い恥や嫌悪感は自己評価の低下や不快感を伴うためvalenceは大きくマイナスになります。一方で恥ずかしさは緊張・動悸などの覚醒を伴いやすく、arousalは中～高程度と判断しました。
24,とても恥ずかしくて嫌な気持ち,9,-0.78,0.62,「恥ずかしい」「嫌な気持ち」は自己評価の低下や不快感が強く、快-不快軸では大きく不快側に寄ります。一方で羞恥は緊張・動揺を伴いやすく、生理的覚醒も比較的高めになるためarousalは正に設定しました。
24,とても恥ずかしくて嫌な気持ち,10,-0.82,0.58,「とても恥ずかしくて嫌な気持ち」は自己評価の低下や回避欲求を伴う強い不快感が中心のためvalenceは大きく負に寄ります。一方、羞恥は緊張・動揺・顔の火照りなどの生理的亢進を伴いやすく、覚醒度は中〜高程度と判断しました。
25,とても悲しい,1,-0.85,-0.20000000000000018,「とても悲しい」は強い不快感・喪失感を伴うためvalenceは大きくマイナス。悲しみは落ち込みや無力感で活動性が下がりやすいのでarousalはやや低め。
25,とても悲しい,2,-0.85,-0.30000000000000004,「とても悲しい」は強い不快感を伴うためvalenceは大きくマイナス。悲しみは落ち込み・無気力など低覚醒寄りだが、強度が高い分わずかに覚醒も伴うため中程度の低覚醒とした。
25,とても悲しい,3,-0.85,0.2,「とても悲しい」は強い不快感を伴うためvalenceは大きく負に寄せました。一方で悲しみは怒りや恐怖ほど高覚醒ではなく、沈痛でエネルギーが低下しやすいためarousalはやや低～中程度に設定しました。
25,とても悲しい,4,-0.85,-0.35,「とても悲しい」は強い不快感を伴うためvalenceは大きく負になります。一方で悲しみは落ち込み・沈静化を伴いやすく、強度は高くても覚醒水準はやや低めと判断しました。
25,とても悲しい,5,-0.85,-0.20000000000000018,「とても悲しい」は強い不快感・喪失感を伴うためvalenceは大きく負に寄る。一方で怒りや恐怖ほどの高覚醒ではなく、沈んだ状態になりやすいのでarousalはやや低めとした。
25,とても悲しい,6,-0.85,-0.20001,「とても悲しい」は強い不快感を伴うためvalenceは大きく負に寄せた。悲しみは一般に沈静的で活動性が下がる傾向があるため、arousalはやや低めに設定した。
25,とても悲しい,7,-0.85,0.3,「とても悲しい」は強い不快感を伴うためvalenceは大きく負に寄せました。一方で悲しみは怒り等より覚醒度が低めですが、「とても」によりある程度の覚醒を見込み中程度の正寄りにしました。
25,とても悲しい,8,-0.85,-0.20000000000000018,「とても悲しい」は強い不快感を伴うためvalenceは大きくマイナス。一方で悲しみは落ち込みや無力感を伴い、怒りや恐怖ほどの高覚醒ではないためarousalはやや低めに設定しました。
25,とても悲しい,9,-0.85,-0.304,「とても悲しい」は強い不快感を伴うためvalenceは大きくマイナスです。一方で悲しみは高揚よりも沈静・無力感を伴いやすく、arousalはやや低めと判断しました。
25,とても悲しい,10,-0.85,-0.30005,「とても悲しい」は強い不快感を伴うためvalenceは大きくマイナス。悲しみは落ち込みや無力感で活動性が下がりやすく、arousalはやや低めと判断しました。
26,悲しい,1,-0.75,-0.20000000000000018,「悲しい」は喪失感や落ち込みに伴う不快感が強いためvalenceは大きくマイナスになります。一方で興奮や緊張は比較的低く、沈静的な状態になりやすいのでarousalはやや低めです。
26,悲しい,2,-0.75,-0.25,「悲しい」は不快感情であり、気分が沈むためvalenceは大きくマイナス寄りになります。一方で興奮や緊張よりも落ち込み・低活動に近いのでarousalはやや低めです。
26,悲しい,3,-0.75,-0.35,「悲しい」は不快感が強い感情で、喜びとは反対方向のためvalenceは大きく負側になります。一方で怒りや恐怖ほどの高覚醒ではなく、沈んだ気分になりやすいのでarousalはやや低めです。
26,悲しい,4,-0.75,-0.35,「悲しい」は不快感が強く快から離れるためvalenceは大きくマイナス。一般に落ち込みや沈静を伴い興奮度は高くないため、arousalはやや低めのマイナスとした。
26,悲しい,5,-0.75,-0.30000000000000004,「悲しい」は不快感・喪失感を伴うためvalenceは明確に負側です。一方で興奮や緊張は強くなく、沈静寄りになりやすいのでarousalはやや低めと判断しました。
26,悲しい,6,-0.75,-0.35,「悲しい」は喪失や落胆に伴う不快感が強く、快-不快次元では明確にマイナス寄りです。一方で興奮や緊張は高くなく、沈静・無気力寄りになりやすいため覚醒度はやや低めに置きました。
26,悲しい,7,-0.75,-0.30000000000000004,「悲しい」は喪失感や落胆など不快感が中心の感情であるためvalenceは大きく負に寄せます。一方で静かに沈むことが多く、興奮よりも低覚醒になりやすいためarousalはやや負とします。
26,悲しい,8,-0.75,-0.15,「悲しい」は不快感情であり、全体としてネガティブな評価（valence）が強い。一方、怒りや恐怖ほど高覚醒ではなく、沈み込みや無気力を伴いやすいためarousalはやや低めとした。
26,悲しい,9,-0.75,-0.35,「悲しい」は不快感が強いネガティブ感情のためvalenceは低めになります。一方で興奮や高揚よりも沈静・無気力寄りになりやすいのでarousalはやや低めに設定します。
26,悲しい,10,-0.75,-0.30001,「悲しい」は不快感が強い負の感情であるためvalenceは低めに設定しました。一方で怒りや恐怖ほどの高覚醒ではなく、沈静的になりやすいためarousalはやや低めとしました。
27,悲しくて腹立たしい,1,-0.72,0.58,「悲しい」は不快で覚醒は中程度、「腹立たしい」は強い不快と比較的高い覚醒を伴います。両者の混合として、valenceはかなり低く、arousalは中〜やや高めと判断しました。
27,悲しくて腹立たしい,2,-0.72,0.58,「悲しい」は不快寄りで覚醒度は中程度、「腹立たしい（怒り）」は強い不快と高めの覚醒を伴います。両者の混合として、快は低く覚醒は中〜高程度と判断しました。
27,悲しくて腹立たしい,3,-0.72,0.55,「悲しい」は不快で覚醒は低〜中程度、「腹立たしい（怒り）」は強い不快と高めの覚醒を伴うため、全体として強い不快寄りで覚醒は中〜高程度と判断しました。
27,悲しくて腹立たしい,4,-0.75,0.55,「悲しい」は強い不快（低valence）で覚醒は中程度、「腹立たしい」は不快かつ覚醒が高めの怒り系です。両者が混在するため、valenceはかなり低く、arousalは中～やや高めと判断しました。
27,悲しくて腹立たしい,5,-0.72,0.55,「悲しい」は不快で覚醒は中程度、「腹立たしい」は不快で覚醒が高めの感情です。両者が混ざるため不快度は強く、覚醒は中～やや高めと判断しました。
27,悲しくて腹立たしい,6,-0.78,0.55,「悲しい」は不快で覚醒度は中程度、「腹立たしい」はより不快で覚醒度が高い感情です。両者が同時にあるため、valenceはかなり低く、arousalは中〜やや高めと判断しました。
27,悲しくて腹立たしい,7,-0.72,0.66,「悲しい」は不快で覚醒度は中程度、「腹立たしい」は強い不快と高めの覚醒を伴うため、全体としてかなり不快で覚醒度も高めと判断しました。
27,悲しくて腹立たしい,8,-0.75,0.65,「悲しい」は強い不快感（負のvalence）で覚醒は中程度、「腹立たしい」は不快感が強く覚醒が高めの感情です。両者が併存するためvalenceはかなり低く、arousalは高め寄りの中高程度と判断しました。
27,悲しくて腹立たしい,9,-0.74,0.63,「悲しい」は不快で覚醒は中程度、「腹立たしい（怒り）」は強い不快と高めの覚醒を伴います。両者が混ざるため、valenceはかなり低く、arousalはやや高めと判断しました。
27,悲しくて腹立たしい,10,-0.72,0.52,「悲しい」は強い不快感で覚醒は中程度、「腹立たしい」は不快感が強く覚醒が高めの怒り寄りの感情です。両者が混在するためvalenceは大きくマイナス、arousalは中〜やや高めと判断しました。
28,とても痛い,1,-0.92,0.78,「とても痛い」は強い身体的不快・苦痛を示し、快の要素がほぼないためvalenceは大きく負に寄せます。痛みは注意を強く引き緊張やストレス反応を伴うため、arousalは高めになります。
28,とても痛い,2,-0.95,0.85,「とても痛い」は強い苦痛を伴うため快適さはほぼなく、valenceは大きく負になります。また痛みは緊張やストレス反応を引き起こしやすく覚醒度が高いのでarousalは高めです。
28,とても痛い,3,-0.9000000000000002,0.8,「とても痛い」は強い不快感・苦痛を伴うためvalenceは大きく負になります。一方で強い痛みは身体的な緊張や注意の集中を引き起こし覚醒度が高いためarousalは正に高めです。
28,とても痛い,4,-0.92,0.85,「とても痛い」は強い不快感・苦痛を伴うためvalenceは大きくマイナスになります。痛みは注意を強く喚起し身体的ストレス反応を高めるためarousalは高めです。
28,とても痛い,5,-0.901,0.82,「とても痛い」は強い苦痛・不快感を示すためvalenceは大きく負に寄ります。痛みは注意を強く引き緊張やストレス反応を伴いやすいのでarousalは高めになります。
28,とても痛い,6,-0.92,0.8,「とても痛い」は強い不快感・苦痛を伴うためvalenceは大きく負、また身体的危機やストレス反応で注意・緊張が高まるためarousalは高めになります。
28,とても痛い,7,-0.903,0.82,「とても痛い」は強い不快感・苦痛を伴うためvalenceは大きく負になります。一方で痛みは身体的な警戒反応を引き起こしやすく覚醒度が高いためarousalは高めです。
28,とても痛い,8,-0.92,0.78,「とても痛い」は強い身体的不快と苦痛を伴うためvalenceは大きく負になります。また痛みは注意を強く喚起し緊張や反応を高めるのでarousalは高めです。
28,とても痛い,9,-0.902,0.88,「とても痛い」は強い苦痛・不快感を伴うため快の反対側（負のvalence）が非常に大きいです。また痛みは身体的警告として強い注意・覚醒を引き起こすためarousalも高くなります。
28,とても痛い,10,-0.9,0.85,「とても痛い」は強い苦痛・不快感を伴うためvalenceは大きくマイナスになります。また痛みは注意や身体反応を強く喚起するためarousalは高めです。
29,痛い,1,-0.85,0.7,「痛い」は身体的不快感や苦痛を直接表すため快‐不快次元では強い不快（負のvalence）になります。一方で痛みは注意を強く喚起し緊張やストレス反応を伴うため覚醒度（arousal）は高めです。
29,痛い,2,-0.85,0.75,「痛い」は身体的・心理的に不快で回避動機が強く、快の程度は大きくマイナスになりやすいです。また危険信号として注意・緊張が高まりやすく、覚醒水準も高めに出ます。
29,痛い,3,-0.802,0.72,「痛い」は身体的・心理的に強い不快感を伴うためvalenceは大きくマイナスになります。一方で痛みは注意を強く引き起こし緊張やストレス反応を高めるためarousalは高めです。
29,痛い,4,-0.85,0.7,「痛い」は身体的・心理的な不快感を強く伴うためvalenceは大きく負です。一方で痛みは注意を喚起しストレス反応を高めるためarousalは高めになります。
29,痛い,5,-0.85,0.7,「痛い」は身体的苦痛や不快感を直接表すため快-不快軸では強い不快（負）に寄ります。一方で痛みは注意を強く喚起しストレス反応を伴うため覚醒度は高めになります。
29,痛い,6,-0.85,0.7,「痛い」は身体的・心理的な不快感を強く伴うためvalenceは大きくマイナスになります。一方で危険や損傷を知らせる信号として注意喚起・緊張を高めやすく、arousalは高めです。
29,痛い,7,-0.85,0.7,「痛い」は身体的不快感・苦痛を伴うため快‐不快次元では強く不快寄りになります。一方で注意を引き緊張や反射を促すため覚醒度は高めです。
29,痛い,8,-0.85,0.65,「痛い」は身体的・心理的に強い不快感を伴うためvalenceは大きく負に寄ります。一方で危険信号として注意を喚起し緊張やストレス反応を高めやすいのでarousalは正に高めです。
29,痛い,9,-0.85,0.7,「痛い」は身体的苦痛を伴うため強い不快（valenceが大きくマイナス）に寄ります。一方で痛みは注意を強く喚起し緊張・覚醒を高めやすいのでarousalは高めになります。
29,痛い,10,-0.85,0.7,「痛い」は身体的・心理的に不快感を強く伴うためvalenceは大きく負になります。一方で危険信号として注意喚起し緊張や反射を引き起こすためarousalは高めになります。
30,眠気,1,-0.10999999999999999,-0.7,眠気は快・不快の評価が中立寄りですが、集中低下やだるさでやや不快寄りになりやすいです。一方で覚醒水準は低く、活動性が下がるため低 arousal と判断します。
30,眠気,2,-0.102,-0.75,眠気は心身の活力が低下し覚醒水準が下がるためarousalは低い。感情価としては必ずしも強い不快ではないが、作業中などでは煩わしさもあるためわずかに不快寄りとした。
30,眠気,3,-0.102,-0.75,眠気は身体的にだるさ・集中低下を伴い、快よりもやや不快寄りになりやすい一方、覚醒水準は低く活動性が下がるためarousalは大きくマイナスになります。状況によっては心地よい場合もありますが、一般的評価としては低覚醒・やや負の情動です。
30,眠気,4,-0.10999999999999999,-0.77,眠気は生理的に覚醒レベルが低下した状態で、活動性が落ちるためarousalは大きくマイナスになる。快不快は状況依存だが、集中低下やだるさを伴うことが多くやや不快寄りと判断した。
30,眠気,5,-0.102,-0.72,眠気は活動性が低下し覚醒度が下がる状態のためarousalは大きくマイナス。快・不快は状況依存だが、日中の眠気は邪魔で不快寄りになりやすいためvalenceはややマイナス。
30,眠気,6,-0.101,-0.75,眠気は活動水準が低下し、注意や覚醒度が落ちる状態のためarousalは低めになります。感情価は必ずしも強い不快ではないものの、だるさや不便さを伴いやすいためやや不快寄りと判断しました。
30,眠気,7,-0.205,-0.78,眠気は覚醒水準が低く注意や活動性が落ちるためarousalは大きくマイナス。感情価は必ずしも強い不快ではないが、だるさや作業阻害でやや不快寄りになりやすい。
30,眠気,8,-0.15,-0.75,眠気は活動性や覚醒度が低下した状態であり、一般に低覚醒（arousalが低い）に位置づく。快不快は文脈次第だが、集中低下やだるさを伴うことが多く、やや不快寄りとした。
30,眠気,9,0.1,-0.7,眠気は不快というより中立〜やや快に寄ることもあるが、基本的に活動性が低下する状態であるためvalenceは小さめの正、arousalは低い（非覚醒）側に大きく振れる。
30,眠気,10,-0.1,-0.75,眠気は心身の活性が下がり覚醒度が低いためarousalは大きくマイナス。快・不快は状況依存だが、多くは集中低下などの軽い不快を伴うためvalenceはわずかにマイナス。
31,疲れて眠い,1,-0.45,-0.65,「疲れて眠い」は不快感やだるさを伴い、ポジティブな快よりネガティブ寄りのためvalenceは低めです。眠気は活動性が下がった低覚醒状態なのでarousalはマイナス側に大きく寄せました。
31,疲れて眠い,2,-0.506,-0.6,「疲れて眠い」は不快感・だるさが中心で快ではないためvalenceは負寄り。眠気は覚醒水準の低下を伴うためarousalは低め（負）と判断した。
31,疲れて眠い,3,-0.55,-0.65,「疲れて眠い」は身体的な不快感やだるさを伴いやすく快ではないためvalenceは負寄り。眠気・疲労は活動性や覚醒度の低下を示すのでarousalは低めに設定した。
31,疲れて眠い,4,-0.55,-0.65,「疲れて眠い」は不快寄りの身体的・精神的消耗感を伴うためvalenceはマイナス。眠気と倦怠感は活動水準が低く覚醒度が下がるためarousalも低め。
31,疲れて眠い,5,-0.55,-0.65,「疲れて眠い」は不快寄りの感情で、エネルギー低下やだるさが中心のためvalenceはマイナスになります。眠気は覚醒水準が低い状態を示すのでarousalも低めになります。
31,疲れて眠い,6,-0.55,-0.65,「疲れて眠い」は不快寄りの感情で、活力が低下しているためvalenceは負、arousalも低めになります。眠気・倦怠感は覚醒度の低下を強く示します。
31,疲れて眠い,7,-0.55,-0.65,「疲れて眠い」は不快寄りの感情で、エネルギー低下やだるさが中心のためvalenceは負に傾きます。眠気・疲労は活動性が低く覚醒水準も下がるためarousalは低めになります。
31,疲れて眠い,8,-0.55,-0.65,「疲れて眠い」は不快寄りの状態で気分の良さは低めになりやすい一方、眠気と疲労は生理的覚醒水準が下がるためarousalは低いと判断しました。
31,疲れて眠い,9,-0.55,-0.65,「疲れて眠い」は身体的な不快感や倦怠感を伴いやすく、快より不快寄りの感情状態です。また眠気・疲労は活動性が低下しているため、覚醒度は低めになります。
31,疲れて眠い,10,-0.55,-0.65,「疲れて眠い」は身体的な不快感やだるさを伴い、快より不快が優勢です。また眠気により活動性が低下し、覚醒度も低い状態と考えられます。
32,ホッとした,1,0.65,-0.30000000000000004,「ホッとした」は安心・安堵で不快感が解消され、快寄りの感情です。一方で緊張がほどけて落ち着くため、覚醒度はやや低めになります。
32,ホッとした,2,0.65,-0.25,「ホッとした」は不安や緊張が解けて安心・安堵する感情で、快の度合いが比較的高い。覚醒水準は高揚ではなく落ち着き方向に下がるため、やや低めと判断した。
32,ホッとした,3,0.65,-0.202,「ホッとした」は不安や緊張が解けて安心する状態で、快の方向（正のvalence）が高いです。一方で覚醒度は落ち着き・鎮静寄りなのでやや低め（負のarousal）と判断しました。
32,ホッとした,4,0.62,-0.28,「ホッとした」は不安や緊張が解けて安心する感情で、快の度合いが高い一方、興奮よりも落ち着きに向かうため覚醒度はやや低めになります。
32,ホッとした,5,0.62,-0.28,「ホッとした」は不安や緊張が解けて安心・安堵する感情で、快の方向に強く寄るためvalenceは高めです。一方で落ち着いてリラックスする状態なので覚醒度はやや低めになります。
32,ホッとした,6,0.65,-0.25,「ホッとした」は不安や緊張が解けて安心する感情で、快方向の評価が高い。一方で興奮というより落ち着き・安堵が中心なので覚醒度はやや低めになる。
32,ホッとした,7,0.65,-0.35,「ホッとした」は不安や緊張が解けて安心する感情で、快方向の評価が強い一方、落ち着いて覚醒度は下がるためです。
32,ホッとした,8,0.65,-0.25,「ホッとした」は不安や緊張が解けて安心する感情で、快方向の評価が高い一方、興奮度は下がり落ち着いた状態になるためarousalは低めと判断しました。
32,ホッとした,9,0.65,-0.25,「ホッとした」は不安や緊張が解けて安心する感情で、快の方向に寄ります。身体的・心理的な高ぶりは落ち着くため、覚醒度はやや低めになります。
32,ホッとした,10,0.65,-0.25,「ホッとした」は安心・安堵の感情で快の要素が強く、valenceは高めになります。一方で緊張が解けて落ち着く状態のため覚醒度はやや低めです。
33,とてもホッとした,1,0.75,-0.35,「とてもホッとした」は不安や緊張が解けて安心・安堵した状態で、快の感情が強い。一方で興奮は低く、落ち着いて鎮静方向の覚醒度になる。
33,とてもホッとした,2,0.72,-0.35,「とてもホッとした」は不安や緊張が解けて安心・安堵を強く感じる状態で、快の度合いが高い。一方で落ち着きが増し興奮は下がるため、覚醒度はやや低めになる。
33,とてもホッとした,3,0.78,-0.32,「とてもホッとした」は安心・安堵を強く感じている状態で、快の方向に大きい一方、緊張が解けて落ち着くため覚醒度はやや低めと判断しました。
33,とてもホッとした,4,0.75,-0.35,「とてもホッとした」は安心・安堵で不快が解消された快い状態のためvalenceは高めです。一方で緊張がほどけて落ち着くニュアンスが強く、覚醒度はやや低めと判断しました。
33,とてもホッとした,5,0.8,-0.4,「とてもホッとした」は不安や緊張が解けて安心・安堵している状態で、快の感情が強い。一方で落ち着きが増し興奮は低下するため、覚醒度はやや低めと判断した。
33,とてもホッとした,6,0.75,-0.35,「とてもホッとした」は不安や緊張が解けて安心・安堵する感情で、快の度合いが高い一方、覚醒水準は落ち着いて低めになるためです。強い安堵を示すためvalenceは高めに設定しました。
33,とてもホッとした,7,0.75,-0.35,「ホッとした」は安心・安堵で快の感情が強く、valenceは高めになります。一方で緊張が解けて落ち着く状態なので覚醒度は低め（マイナス）になります。
33,とてもホッとした,8,0.78,-0.38,「とてもホッとした」は強い安心感・安堵を示し、不快感が解消された快の感情が中心です。一方で緊張がほどけて落ち着くニュアンスが強く、覚醒度は低めになります。
33,とてもホッとした,9,0.8,-0.35,「とてもホッとした」は不安や緊張が解けて安心・安堵を強く感じている状態で、快の感情が高い。一方で落ち着いて力が抜ける方向なので覚醒度はやや低めになる。
33,とてもホッとした,10,0.78,-0.32,「とてもホッとした」は不安や緊張が解けて安心・安堵している状態で、快の度合いが高い一方、身体的・心理的な覚醒水準は落ち着いて低めになりやすいと判断しました。
34,馬鹿にする,1,-0.702,0.48,「馬鹿にする」は相手を見下し侮辱する行為であり、対人関係の不快感や否定的感情を強く伴うためvalenceは低い。攻撃性や緊張を伴いやすく一定の覚醒度があるためarousalは中程度に高い。
34,馬鹿にする,2,-0.72,0.55,「馬鹿にする」は相手を侮辱・軽視する行為であり、否定的で不快感や攻撃性を伴うためvalenceは低い。対人摩擦や怒り・緊張を引き起こしやすく覚醒度も中～高めになる。
34,馬鹿にする,3,-0.72,0.58,「馬鹿にする」は相手を軽視し侮辱する行為で、受け手にも行為者にも否定的な感情を伴いやすいため不快寄りです。対人攻撃や緊張・怒りを喚起しやすく、覚醒度は中〜高めになります。
34,馬鹿にする,4,-0.707,0.55,「馬鹿にする」は相手を見下して侮辱する行為であり、否定的で不快感を強く伴うためvalenceは低い。対人葛藤や攻撃性を含み、感情的な高まりが生じやすいのでarousalはやや高めとした。
34,馬鹿にする,5,-0.78,0.55,「馬鹿にする」は相手を見下し侮辱する行為で、受け手に不快感や傷つきを与えるためvalenceは強く負になります。一方で攻撃性や対立を伴い緊張・興奮が高まりやすいのでarousalは中程度に正としました。
34,馬鹿にする,6,-0.72,0.48,「馬鹿にする」は相手を見下し侮辱する行為で、受け手・周囲に不快感や否定的感情を強く喚起するためvalenceは低いです。一方で嘲笑や攻撃性を伴い対人摩擦を生みやすく、感情的な活性が中程度に高まるためarousalはやや高めです。
34,馬鹿にする,7,-0.78,0.55,「馬鹿にする」は相手を侮辱・軽視する行為であり、対人関係において不快感や否定的評価を伴うためvalenceは強くマイナス。攻撃性や緊張を伴い感情の活性も比較的高いのでarousalは中～やや高め。
34,馬鹿にする,8,-0.78,0.55,「馬鹿にする」は相手を見下し侮辱する行為で、受け手・周囲に不快感や否定的感情を強く生みやすいためvalenceは低い。対人攻撃性や怒り・緊張を伴いやすく、心理的な活性度も上がりやすいのでarousalは中～高めとした。
34,馬鹿にする,9,-0.78,0.52,「馬鹿にする」は相手を軽視・侮辱する行為で不快感や対人摩擦を伴うためvalenceは強く負に寄ります。一方で攻撃性や緊張を喚起しやすく感情的な活性が上がるためarousalは中程度に正と判断しました。
34,馬鹿にする,10,-0.75,0.55,「馬鹿にする」は他者を侮辱・軽視する行為で、受け手には不快感や屈辱を与えるためvalenceは強く負寄りになります。一方で対人攻撃に伴う緊張や怒りを喚起しやすく、覚醒度は中程度に高いと考えられます。
35,軽蔑してあざ笑う,1,-0.78,0.55,「軽蔑してあざ笑う」は他者を見下し嘲る否定的・攻撃的感情で不快度が高い。一方で嘲笑には優越感や攻撃性が伴い、一定の覚醒（興奮・活性）があるためarousalは中程度に高い。
35,軽蔑してあざ笑う,2,-0.75,0.55,「軽蔑してあざ笑う」は他者を見下し嘲る否定的で攻撃的な感情のため快適さ（valence）は大きく低い。一方で嘲笑には皮肉や攻撃のエネルギーが伴い、一定の覚醒水準（arousal）がある。
35,軽蔑してあざ笑う,3,-0.72,0.55,「軽蔑してあざ笑う」は相手を見下し嘲る否定的・攻撃的感情で不快度が高いためvalenceは大きくマイナス。嘲笑は優越感と攻撃性を伴い一定の興奮・活性があるのでarousalは中程度にプラス。
35,軽蔑してあざ笑う,4,-0.78,0.55,「軽蔑してあざ笑う」は相手を見下し嘲る否定的感情で不快度が強いためvalenceは大きくマイナス。嘲笑には攻撃性や興奮が伴いやすく、落ち着いた状態ではないためarousalは中程度にプラス。
35,軽蔑してあざ笑う,5,-0.78,0.62,「軽蔑してあざ笑う」は相手を見下し否定する感情で強い不快（負の評価）を伴うためvalenceは大きくマイナスです。一方で嘲笑は攻撃性や優越感に基づく表出があり、感情的な活性が比較的高いためarousalはプラス寄りになります。
35,軽蔑してあざ笑う,6,-0.75,0.45,「軽蔑してあざ笑う」は他者を見下し嘲る否定的感情で、不快さが強いためvalenceは大きくマイナス。嘲笑には攻撃性や優越感に伴う一定の興奮があるため、arousalは中程度のプラスと判断した。
35,軽蔑してあざ笑う,7,-0.75,0.55,「軽蔑してあざ笑う」は他者を見下して嘲る強い否定的感情で不快度が高い。一方で嘲笑には攻撃性・優越感に伴う活性化があり、覚醒水準は中程度以上と判断できる。
35,軽蔑してあざ笑う,8,-0.82,0.55,「軽蔑してあざ笑う」は他者を見下し嘲るため強い不快感・否定的評価が中心となりvalenceは大きくマイナスです。一方で嘲笑には優越感や攻撃性が伴い、感情の活性は中程度に高いのでarousalはプラス寄りになります。
35,軽蔑してあざ笑う,9,-0.72,0.55,「軽蔑してあざ笑う」は相手を見下し嘲る否定的で攻撃的な感情のため不快（低valence）です。一方で嘲笑には優越感や挑発が伴い、心理的な活性が比較的高いため中程度の覚醒（高めarousal）になります。
35,軽蔑してあざ笑う,10,-0.78,0.52,「軽蔑してあざ笑う」は他者を見下し嘲る感情で、社会的に不快・否定的な評価が強いためvalenceは大きくマイナス。嘲笑には攻撃性や優越感に伴う活性化があり、沈静的ではないためarousalは中程度にプラス。
36,恐怖を伴う驚き,1,-0.65,0.8,「恐怖を伴う驚き」は脅威や不安を含むため快ではなく不快寄り（負のvalence）になりやすい一方、驚きと恐怖はいずれも急激な注意喚起・身体反応を伴うため覚醒度（arousal）は高くなります。
36,恐怖を伴う驚き,2,-0.65,0.85,恐怖を伴う驚きは脅威や危険の知覚が含まれるため不快寄りの感情価が強い一方、驚きによる急激な注意喚起と身体反応で覚醒度が非常に高くなるためです。
36,恐怖を伴う驚き,3,-0.65,0.85,恐怖は強い不快感を伴うためvalenceは大きくマイナスになります。驚きに恐怖が加わると心拍上昇や警戒が強まり、覚醒度は高くなります。
36,恐怖を伴う驚き,4,-0.68,0.82,驚きは覚醒度が高い感情で、恐怖を伴うと快より不快が強くなるためvalenceは大きくマイナスになります。危険への即時反応として緊張・心拍上昇を伴うためarousalは高めです。
36,恐怖を伴う驚き,5,-0.65,0.8,驚きは覚醒度を高めやすく、そこに恐怖が伴うとさらに緊張・警戒が強まり高覚醒になります。一方で恐怖は不快情動であるため、快-不快軸ではマイナス寄りになります。
36,恐怖を伴う驚き,6,-0.65,0.8,「恐怖を伴う驚き」は危険や脅威の知覚を含むため不快寄り（負のvalence）になりやすい一方、急な出来事への反応で生理的覚醒が高く（高arousal）なります。驚き単体よりも恐怖が加わることで不快度が強まると判断しました。
36,恐怖を伴う驚き,7,-0.65,0.8,「恐怖を伴う驚き」は危険や脅威の可能性を示唆するため不快寄り（valenceは負）になりやすい一方、驚きと恐怖はいずれも生理的覚醒を強く高めるためarousalは高くなります。
36,恐怖を伴う驚き,8,-0.65,0.8,「恐怖を伴う驚き」は脅威を知覚した驚きで、不快感が強いためvalenceは低めになります。一方で急な刺激への反応で心拍や注意が高まりやすく、arousalは高めです。
36,恐怖を伴う驚き,9,-0.65,0.8,「驚き」による急激な注意喚起と生理的興奮が強く、覚醒度は高いと判断できます。一方で「恐怖」を伴うため評価は不快寄りとなり、快よりも大きくマイナスになります。
36,恐怖を伴う驚き,10,-0.62,0.78,驚きは覚醒度が高く、恐怖を伴うことで緊張・不安が増してさらに高覚醒になります。一方で恐怖要素が主となるため快ではなく不快寄りの情動になります。
37,呆れと嫌悪を伴う驚き,1,-0.65,0.55,「嫌悪」「呆れ」は強い不快感を伴うためvalenceは低めです。一方「驚き」が加わることで注意喚起・緊張が高まりやすく、arousalは中〜やや高めになります。
37,呆れと嫌悪を伴う驚き,2,-0.78,0.52,「呆れ」「嫌悪」は強い不快感を伴うためvalenceは大きくマイナスになります。一方「驚き」は覚醒度を上げる要素であり、嫌悪・呆れの反応も相まって中〜やや高めのarousalと判断します。
37,呆れと嫌悪を伴う驚き,3,-0.72,0.58,「嫌悪」「呆れ」は強い不快感を伴うためvalenceは大きくマイナス寄りになります。一方「驚き」は覚醒度を上げる要素なので、嫌悪・呆れの落ち着き成分を加味してもarousalは中程度以上に高いと判断します。
37,呆れと嫌悪を伴う驚き,4,-0.74,0.62,「呆れ」「嫌悪」は強い不快感を伴うためvalenceは大きくマイナス寄りになります。一方「驚き」は覚醒度を上げやすく、嫌悪を伴うことで緊張も加わるためarousalは中〜高程度と判断します。
37,呆れと嫌悪を伴う驚き,5,-0.72,0.58,「嫌悪」「呆れ」は強い不快感を伴うためvalenceは大きく負に寄せました。一方「驚き」は覚醒度を上げる要素なので、混合感情として中〜やや高めのarousalに設定しました。
37,呆れと嫌悪を伴う驚き,6,-0.78,0.62,驚き自体は覚醒度が高くなりやすく、そこに呆れ・嫌悪が加わることで不快感が強まるためvalenceは大きくマイナスに寄ります。一方で感情の立ち上がりが急で注意喚起的な成分が強く、arousalは中〜高程度になります。
37,呆れと嫌悪を伴う驚き,7,-0.65,0.55,嫌悪と呆れが中心なので不快寄りのvalenceになります。一方で「驚き」を伴うため注意喚起や反応性が高く、中〜やや高めのarousalになります。
37,呆れと嫌悪を伴う驚き,8,-0.72,0.58,驚きに「呆れ」「嫌悪」が加わることで感情の快-不快は強く不快側に傾くためvalenceは低めに設定しました。一方で驚きは覚醒度を上げやすく、嫌悪も生理的反応を伴い得るためarousalは中～高程度と判断しました。
37,呆れと嫌悪を伴う驚き,9,-0.72,0.55,驚きは覚醒度を上げやすい一方、「呆れ」「嫌悪」が強い不快感を伴うため快-不快は大きくマイナスになります。呆れは怒りほど高覚醒ではないため、嫌悪と驚きを加味して中～やや高めの覚醒度にしました。
37,呆れと嫌悪を伴う驚き,10,-0.78,0.62,「呆れ」「嫌悪」は強い不快感を伴うためvalenceは大きくマイナスになります。一方「驚き」は注意喚起・覚醒を高める要素なので、嫌悪を伴っていてもarousalは中～高程度になります。
38,失敗に気づく,1,-0.62,0.48,「失敗に気づく」は自己評価の低下や後悔を伴いやすく不快寄りの感情になるためvalenceは負に設定しました。一方で気づきの瞬間は驚き・焦り・緊張で覚醒水準が上がりやすいのでarousalは中程度の正にしました。
38,失敗に気づく,2,-0.55,0.35,「失敗に気づく」は自己評価の低下や後悔・焦りを伴いやすく不快寄り（負のvalence）です。一方で気づいた瞬間に注意が高まり対応を考えるため、覚醒度は中程度に上がると判断しました。
38,失敗に気づく,3,-0.62,0.38,「失敗に気づく」は自己評価の低下や後悔・不安を伴いやすく不快感が強いためvalenceは負寄りです。一方で気づいた瞬間の驚きや焦りで覚醒度は中程度に上がるためarousalはやや正寄りにしました。
38,失敗に気づく,4,-0.55,0.35,「失敗に気づく」は望ましくない結果の認知を伴い、不快感や落胆につながりやすいためvalenceは負寄りです。一方で気づいた瞬間に驚きや焦りで注意が高まることが多く、arousalはやや高めになります。
38,失敗に気づく,5,-0.55,0.35,「失敗に気づく」は自己評価の低下や後悔を伴いやすく不快寄り（負のvalence）です。一方でミス発覚による焦り・緊張で覚醒度は中程度に上がるためarousalはやや正にしました。
38,失敗に気づく,6,-0.62,0.34,「失敗に気づく」は自己評価の低下や後悔を伴いやすく不快寄り（負の感情）になりやすい。一方で状況修正への注意喚起が働き、落ち込みつつも一定の覚醒度が生じるため中程度の覚醒とした。
38,失敗に気づく,7,-0.62,0.34,「失敗に気づく」は自己評価の低下や後悔を伴いやすく不快側（valenceは負）になりやすい一方、状況認知による緊張・焦りが生じて覚醒度はやや高まるため中程度のarousalと判断しました。
38,失敗に気づく,8,-0.55,0.4,「失敗に気づく」は自己評価の低下や後悔を伴いやすく不快寄り（負の感情）になりやすい一方、気づいた瞬間に焦りや緊張が生じて覚醒度は中程度に高まります。
38,失敗に気づく,9,-0.55,0.35,「失敗に気づく」は自己評価の低下や後悔を伴いやすく不快寄り（負のvalence）になりやすい一方、気づいた瞬間の驚き・焦りで一定の覚醒が生じますが、パニックほどではないため中程度のarousalとしました。
38,失敗に気づく,10,-0.55,0.35,「失敗に気づく」は自己評価の低下や不快感を伴いやすく、快-不快軸では負に寄りやすいです。一方で気づきの瞬間は注意が高まり軽い緊張や焦りが出るため、覚醒度はやや高めと判断します。
39,大きな失敗に気づいて驚く,1,-0.72,0.78,「大きな失敗に気づく」は後悔や不安を伴いやすく不快寄り（負の感情）になるためvalenceは低めです。一方で「驚く」は急激な注意喚起と身体的覚醒を伴うためarousalは高めになります。
39,大きな失敗に気づいて驚く,2,-0.78,0.82,「大きな失敗」に気づくことは強い後悔・不安を伴い不快感が大きいためvalenceは低めです。一方「驚く」は急激な注意喚起と緊張を伴い覚醒度が高いためarousalは高めになります。
39,大きな失敗に気づいて驚く,3,-0.72,0.78,大きな失敗に気づくことは後悔や不安を伴い不快感が強いためvalenceは低めです。一方で「驚く」は急激な注意喚起・緊張を引き起こし生理的覚醒が高いためarousalは高めになります。
39,大きな失敗に気づいて驚く,4,-0.702,0.78,「大きな失敗に気づく」は後悔や不安を伴い不快寄りの感情になりやすい一方、「驚く」は生理的覚醒が高く急激な注意喚起が起こるため覚醒度が高いと判断しました。
39,大きな失敗に気づいて驚く,5,-0.62,0.78,「大きな失敗に気づく」は後悔や不安を伴い不快寄り（負のvalence）になりやすい一方、「驚く」は急な認知変化で生理的覚醒が高くなるためarousalは高めになります。
39,大きな失敗に気づいて驚く,6,-0.72,0.84,「大きな失敗に気づく」は自己評価の低下や不安・後悔を伴いやすく不快寄りの感情なのでvalenceは低め。加えて「驚く」は急激な注意喚起と生理的覚醒を伴うためarousalは高め。
39,大きな失敗に気づいて驚く,7,-0.78,0.72,「大きな失敗」に気づくことは後悔や不安を伴い不快感が強いためvalenceは低めになります。一方「驚く」は急激な注意喚起と緊張を伴うためarousalは高めになります。
39,大きな失敗に気づいて驚く,8,-0.75,0.8,「大きな失敗に気づく」は自己評価の低下や損失感が強く不快感が高いためvalenceは低めです。一方「驚く」は急激な注意喚起を伴い心拍や緊張が上がりやすいのでarousalは高めになります。
39,大きな失敗に気づいて驚く,9,-0.702,0.78,「大きな失敗」に気づくことは後悔や不安を伴い不快寄りの感情になりやすい。一方で「驚く」は急激な気づきによる覚醒度の高い反応を示すため、arousalは高めに見積もる。
39,大きな失敗に気づいて驚く,10,-0.72,0.78,「大きな失敗」に気づくことは後悔や不安を伴いやすく不快（負のvalence）になりやすいです。「驚く」は急激な気づきによる覚醒度の上昇を示すためarousalは高めになります。
40,恐怖,1,-0.85,0.75,恐怖は強い不快感を伴うためvalenceは大きく負に寄ります。一方で危険への警戒・身体的緊張を引き起こしやすく覚醒度が高いためarousalは正に高めです。
40,恐怖,2,-0.85,0.8,恐怖は危険や脅威を感じる不快情動で、快より大きくマイナスに傾きます。一方で身体的緊張や警戒が高まりやすく、覚醒度は高くなります。
40,恐怖,3,-0.85,0.8,恐怖は危険や脅威を感じる不快情動で、快の方向には向かいにくいためvalenceは低いです。一方で身体的緊張や警戒が高まりやすく覚醒度が高いためarousalは高めになります。
40,恐怖,4,-0.85,0.8,恐怖は脅威や危険を感じる不快情動で、強い回避・防衛反応を伴うためvalenceは大きく負になります。身体的緊張や注意の高まりが起きやすく覚醒度も高いのでarousalは正の高めになります。
40,恐怖,5,-0.85,0.85,恐怖は脅威や危険を知覚したときに生じる強い不快感を伴うためvalenceは大きく負になります。一方で回避・防衛反応を促し生理的覚醒が高まるためarousalは高めになります。
40,恐怖,6,-0.85,0.8,恐怖は強い不快感を伴うためvalenceは大きく負に寄ります。一方で危険への警戒や身体的緊張が高まりやすく、覚醒水準は高いのでarousalは正に高めです。
40,恐怖,7,-0.85,0.75,恐怖は危険や脅威への不快な感情であり、基本的に快-不快軸では強い不快（負のvalence）に位置します。同時に身体的・心理的な緊張や警戒が高まりやすく、覚醒度（arousal）は高めになります。
40,恐怖,8,-0.85,0.75,恐怖は強い不快感を伴うためvalenceは大きくマイナスになります。一方で危険への警戒で生理的覚醒が高まりやすいためarousalは高めです。
40,恐怖,9,-0.85,0.8,恐怖は脅威や危険の知覚に伴う強い不快感が中心で、valenceは大きく負になります。一方で回避・防御反応を促すため生理的覚醒が高く、arousalは高めになります。
40,恐怖,10,-0.85,0.8,恐怖は強い不快感を伴い回避動機が高いためvalenceは大きく負になります。一方で危険への警戒で心拍や緊張が高まりやすく、覚醒水準が高いのでarousalは正に大きく取ります。
41,すねている,1,-0.45,0.2,「すねている」は拗ねた不満や寂しさが中心で、快より不快寄りの感情と判断できるためvalenceはマイナス。怒りほど強い興奮は伴わず、少し緊張・不機嫌がある程度なのでarousalは低〜中程度に置いた。
41,すねている,2,-0.45,0.2,「すねている」は不満や寂しさから拗ねて距離を取る状態で、快より不快が優勢なためvalenceはマイナス寄りです。感情の強度は怒りほど高くなく、沈んだ不機嫌さが中心なのでarousalはやや低〜中程度にしました。
41,すねている,3,-0.45,0.2,「すねている」は不満や拗ねた反発を含み、快より不快寄りの感情なのでvalenceはマイナス。怒りほど高覚醒ではなく、やや内向きで沈んだ反応になりやすいためarousalは低めだがゼロより少し上とした。
41,すねている,4,-0.45,0.15,「すねている」は不満や寂しさから相手に拗ねた態度を取る状態で、快より不快が優勢です。怒りほど高覚醒ではなく、やや沈んだ反応が中心のため覚醒度は低〜中程度と判断しました。
41,すねている,5,-0.45,0.1,「すねている」は不満や拗ねた気持ちによる軽い不快感が中心で、快より不快寄りです。一方で激しい怒りほどの高覚醒ではなく、むしろ沈み気味・受動的になりやすいため覚醒度は低めです。
41,すねている,6,-0.45,0.1,「すねている」は不満や拗ねた気持ちで快感情ではなく、やや不快寄りになります。一方で怒りほどの高い興奮は伴いにくく、覚醒度は低〜中程度と判断しました。
41,すねている,7,-0.45,0.2,「すねている」は不満や拗ねた気持ちが中心で快より不快に寄るためvalenceはマイナス。感情の強度は怒りほど高くなく、やや沈んだ反応になりやすいのでarousalは低〜中程度。
41,すねている,8,-0.35,-0.15,「すねている」は不満や傷つきから相手を避ける・拗ねる状態で、快ではなくやや不快寄りです。感情の強度は怒りほど高くなく、むしろ引きこもり気味で覚醒度は低〜中程度と判断しました。
41,すねている,9,-0.52,0.18,「すねている」は不満や寂しさから相手に距離を取る状態で、感情価はネガティブ寄りになりやすいです。一方で怒りほどの高覚醒ではなく、拗ねて黙る・ふてくされるなど中～低覚醒に留まることが多いです。
41,すねている,10,-0.45,0.25,「すねている」は不満や拗ねた怒り・寂しさが中心で快ではないためvalenceは負寄り。感情の強度は爆発的ではなく、むしろ内向きに持続することが多いのでarousalは低〜中程度に設定しました。
42,恥ずかしい,1,-0.62,0.35,「恥ずかしい」は自己評価の低下や他者からの否定的注目を伴い不快感が強いためvalenceは負寄りです。一方で緊張や赤面など軽〜中程度の覚醒を伴うことが多いのでarousalはやや正にしました。
42,恥ずかしい,2,-0.55,0.35,「恥ずかしい」は自己評価の低下や他者からの視線への不快感を伴うため快感情より不快寄りです。一方で緊張や顔の紅潮などの軽〜中程度の覚醒を伴うことが多いのでarousalはやや高めにしました。
42,恥ずかしい,3,-0.55,0.4,「恥ずかしい」は自己評価の低下や他者の視線による不快感が中心で、快より不快が優勢です。一方で赤面や緊張を伴い生理的覚醒は中程度に高まりやすいです。
42,恥ずかしい,4,-0.55,0.35,「恥ずかしい」は自己評価の低下や他者からの否定的評価への意識を伴いやすく、不快寄りの感情です。一方で緊張や赤面などの生理的反応を伴うため覚醒度は中程度に上がります。
42,恥ずかしい,5,-0.55,0.45,「恥ずかしい」は自己評価の低下や他者の視線への不快感を伴うため快-不快では負寄りになりやすい。一方で赤面や緊張など身体反応を伴い覚醒水準は中程度に高いことが多い。
42,恥ずかしい,6,-0.55,0.4,「恥ずかしい」は自己評価の低下や他者の視線への不快感を伴うためvalenceは負寄りです。一方で赤面や緊張などの生理的反応が出やすく、覚醒度は中程度に高いと判断しました。
42,恥ずかしい,7,-0.55,0.35,「恥ずかしい」は自己評価の低下や他者の視線への不快感を伴うためvalenceは負寄りです。一方で緊張や赤面などの生理的反応を伴い適度に覚醒が高まるためarousalは中程度の正寄りになります。
42,恥ずかしい,8,-0.55,0.4,「恥ずかしい」は自己評価が脅かされる不快感が中心で、快より不快が優勢です。一方で顔が赤くなる・動揺するなどの反応を伴いやすく、覚醒度は中程度に高いと考えられます。
42,恥ずかしい,9,-0.55,0.35,「恥ずかしい」は自己評価の低下や他者からの否定的注目を伴いやすく、不快感が中心のためvalenceは負寄りです。一方で顔が熱くなる・緊張するなどの覚醒反応はあるものの、恐怖や激怒ほど強くはないため中程度のarousalとしました。
42,恥ずかしい,10,-0.62,0.38,「恥ずかしい」は自己評価が脅かされる不快感を伴うためvalenceは負寄りになります。一方で緊張や動揺で生理的覚醒は上がることが多いものの、恐怖ほど高くはないため中程度のarousalとしました。
43,自分の行為を恥じる,1,-0.72,0.34,「自分の行為を恥じる」は自己否定や不快感が強く、快よりも不快に大きく傾きます。一方で動揺や緊張はあるものの、激しい恐怖・怒りほど高覚醒ではないため中程度の覚醒に留まります。
43,自分の行為を恥じる,2,-0.74,0.32,「自分の行為を恥じる」は自己否定や羞恥による不快感が強く、快には結びつきにくいためvalenceは低めです。一方で動揺や緊張はあるものの、恐怖や激怒ほどの高覚醒ではないためarousalは中程度と判断しました。
43,自分の行為を恥じる,3,-0.72,0.28,「自分の行為を恥じる」は自己評価の低下や後悔を伴うため不快感が強く、valenceは大きくマイナスになります。一方で動揺や緊張はあるもののパニックほど高覚醒ではないため、arousalは中程度のプラスに設定しました。
43,自分の行為を恥じる,4,-0.72,0.28,「自分の行為を恥じる」は自己評価の低下や後悔を伴い、不快感が強いのでvalenceは低めです。一方で動揺や緊張はあるものの、強い恐怖や怒りほどではないためarousalは中程度に設定しました。
43,自分の行為を恥じる,5,-0.72,0.38,「自分の行為を恥じる」は自己評価の低下や後悔を伴うため不快（valenceが負）になりやすい。一方で、恥は顔の火照りや緊張などの生理的反応を伴うが、恐怖や激怒ほど高覚醒ではないため中程度の覚醒と判断した。
43,自分の行為を恥じる,6,-0.78,0.35,「自分の行為を恥じる」は自己否定や不快感を伴うためvalenceは大きく負になります。一方で動揺や気まずさで一定の覚醒はあるものの、激しい怒りや恐怖ほどではないためarousalは中程度に設定します。
43,自分の行為を恥じる,7,-0.72,0.18,「自分の行為を恥じる」は自己否定や後悔を伴うため不快（valenceは大きくマイナス）に寄ります。一方で強い恐怖や怒りほどの高覚醒ではなく、内省的で沈みがちな感情なのでarousalは低～中程度にしました。
43,自分の行為を恥じる,8,-0.78,0.42,「自分の行為を恥じる」は自己評価が低下し不快感・羞恥を伴うためvalenceは強く負になります。一方で顔が熱くなる・隠れたいなどの緊張や動揺があり覚醒度は中程度に高いと考えられます。
43,自分の行為を恥じる,9,-0.75,0.4,「自分の行為を恥じる」は自己評価の低下や後悔を伴うため強い不快（負のvalence）になりやすい。一方で顔が熱くなる・緊張するなどの反応で覚醒は中程度に上がるが、恐怖ほど高覚醒ではない。
43,自分の行為を恥じる,10,-0.72,0.28,「自分の行為を恥じる」は自己否定・不快感が強く、快より大きくマイナス寄りの感情です。一方で緊張や意識の高まりはあるが、恐怖や激怒ほどの強い覚醒ではないため中程度の覚醒に設定します。
44,畏怖の念,1,-0.103,0.62,「畏怖の念」は圧倒される感覚や恐れを伴うため快よりやや不快寄りになりやすい一方、驚き・緊張・高揚が同時に生じやすく覚醒度は高めです。
44,畏怖の念,2,-0.10000000000000009,0.55,畏怖の念は圧倒的な存在への恐れや緊張を伴うため快よりやや不快寄り（valenceは小さくマイナス）になりやすい一方、驚きや緊張で心身の覚醒水準は高まりやすいのでarousalは高めになります。
44,畏怖の念,3,-0.105,0.62,「畏怖の念」は圧倒される感覚や恐れを含むため快よりやや不快寄りだが、同時に崇高さ・敬意も伴うため強い負の評価にはならない。対象の大きさや威力により緊張・高揚が生じやすく、覚醒度は高めになる。
44,畏怖の念,4,-0.105,0.62,畏怖の念は圧倒的な対象への驚きや緊張を伴い、生理的な覚醒が高まりやすい一方、快・不快は文脈で揺れるため中立よりやや不快寄りに見積もった。
44,畏怖の念,5,-0.103,0.57,「畏怖の念」は圧倒される感覚や恐れを伴うため快ではなくやや不快寄りになりやすい一方、強い注意喚起・緊張を伴うため覚醒度は高めと判断しました。
44,畏怖の念,6,-0.102,0.62,「畏怖の念」は圧倒的な対象への驚きや緊張を伴い、心身の覚醒度が高まりやすい一方、恐れが混じるため快よりもやや不快寄りになりやすい。
44,畏怖の念,7,-0.15,0.65,「畏怖の念」は圧倒的な対象に対する恐れと敬意が混ざるため快・不快が中立〜やや不快寄りになりやすい。一方で身体的・心理的には緊張や高揚を伴うため覚醒度は高めになる。
44,畏怖の念,8,-0.108,0.52,「畏怖の念」は圧倒される感覚や恐れを伴うため快よりやや不快寄りだが、同時に尊敬・崇高さも含むため極端な不快ではない。驚きや緊張で生理的覚醒が高まりやすく、arousalは中程度以上になる。
44,畏怖の念,9,-0.15,0.55,「畏怖の念」は圧倒される感覚や恐れが混ざるため快よりやや不快寄りになりやすい一方、強い刺激や緊張を伴うので覚醒度は高めです。
44,畏怖の念,10,-0.102,0.64,畏怖の念は圧倒的な対象への驚きと緊張を伴い覚醒度が高い一方、恐れや不安が混ざるため快・不快はやや不快寄りになりやすい。
45,楽しい,1,0.85,0.55,「楽しい」は快の感情でポジティブな評価が強いためvalenceは高めです。一方で落ち着いた楽しさからはしゃぐ楽しさまで幅がありますが、一般的には適度に覚醒度が上がるためarousalは中程度に設定しました。
45,楽しい,2,0.85,0.6,「楽しい」は快の感情で、ポジティブな満足感や喜びを伴うためvalenceは高い。気分が高揚し活動性も上がりやすいのでarousalも中〜高程度。
45,楽しい,3,0.85,0.55,「楽しい」は快の感情で、ポジティブな満足感・喜びを伴うためvalenceは高い。一方で興奮や活気を伴うことが多いが、狂喜ほどではないためarousalは中程度に設定した。
45,楽しい,4,0.85,0.55,「楽しい」は快い感情でポジティブ度が高いためvalenceは高め。活動的でワクワクする要素がある一方、興奮しすぎるほどではないのでarousalは中〜やや高め。
45,楽しい,5,0.85,0.6,「楽しい」は快情動でポジティブな評価が強いためvalenceは高め。わくわく・活気などの適度な興奮を伴うことが多いのでarousalは中〜やや高めとした。
45,楽しい,6,0.85,0.55,「楽しい」は快い感情でポジティブな評価が強いためvalenceは高めです。一方で興奮しすぎるほどではないが活動性・高揚感を伴うためarousalは中程度に高いと判断しました。
45,楽しい,7,0.85,0.55,「楽しい」は快い感情でポジティブ評価が強いためvalenceは高めです。一方で落ち着いた楽しさから活発な楽しさまで幅があるため、arousalは中程度に設定しました。
45,楽しい,8,0.85,0.65,「楽しい」は快の感情でポジティブな満足感・喜びを伴うためvalenceは高めです。活動的で気分が高揚しやすいのでarousalも中〜高程度と判断しました。
45,楽しい,9,0.85,0.65,「楽しい」は快の感情でポジティブな評価が強いためvalenceは高めです。一方で活動性やワクワク感を伴い適度に覚醒水準が上がるためarousalも中〜高程度になります。
45,楽しい,10,0.85,0.6,「楽しい」は快の感情で、ポジティブな評価が強いためvalenceは高めです。一方で落ち着いた楽しさから興奮を伴う楽しさまで幅があるため、arousalは中〜やや高めに設定します。
46,疑いの念,1,-0.35,0.45,「疑いの念」は不確実性や不信感を伴い、感情価はやや不快寄りになりやすいです。一方で状況を警戒して注意が高まるため、覚醒度は中程度に上がると判断しました。
46,疑いの念,2,-0.35,0.25,「疑いの念」は相手や状況を信じきれず不安・不信が伴うため快ではなくやや不快寄りです。一方で警戒や思考の活性化はあるものの強い興奮ではないため、覚醒度は軽度に高い程度と判断しました。
46,疑いの念,3,-0.35,0.3,「疑いの念」は不確実性や不信感を伴い、安心感を損なうため快より不快寄りになります。一方で状況を探ろうとする警戒・注意が働くため覚醒度はやや高めです。
46,疑いの念,4,-0.35,0.4,「疑いの念」は不確実性や警戒心を伴い、安心感を損なうため快感情より不快寄りになります。一方で状況確認や注意のための認知的緊張が生じやすく、覚醒度はやや高めです。
46,疑いの念,5,-0.35,0.3,「疑いの念」は不確実性や不信からくる不快感が中心で、快より不快に寄るためvalenceは負に設定しました。一方で警戒や注意の高まりを伴うため覚醒度はやや高めですが、強い恐怖ほどではないので中程度にしました。
46,疑いの念,6,-0.45,0.35,「疑いの念」は相手や状況を信頼できない不安・警戒を伴い、快より不快が優勢になりやすい。一方で真偽を確かめようと注意や緊張が高まるため、覚醒度はやや高めと判断した。
46,疑いの念,7,-0.35,0.3,「疑いの念」は不信や不安を伴い快より不快寄りになりやすい一方、強い恐怖ほどではなく中程度の緊張・警戒で覚醒はやや高めと判断しました。
46,疑いの念,8,-0.35,0.3,「疑いの念」は不確実性や不信から生じ、やや不快寄りの感情になりやすいです。一方で警戒や思考の活性化を伴うため、覚醒度は低すぎず中程度に上がります。
46,疑いの念,9,-0.45,0.35,疑いの念は不信や不安を伴い、快よりも不快寄りになりやすい。一方で警戒して状況を確かめようとするため、覚醒度は中程度に高まる。
46,疑いの念,10,-0.35,0.3,疑いの念は不信や不安を伴いやすく快より不快寄りの感情であるためvalenceは負に設定しました。一方で警戒・確認行動を促す程度の覚醒はあるものの、強い興奮ではないためarousalは中程度の正にしました。
47,退屈,1,-0.55,-0.65,退屈は不快寄りの感情で、満足感や快の要素が少ないためvalenceはマイナスになります。また刺激や緊張が低く、眠気や無関心に近い低覚醒状態のためarousalもマイナスになります。
47,退屈,2,-0.55,-0.65,退屈は快でも不快でもない中でやや不快寄りの感情で、満足感が低い状態と捉えられるためvalenceは負寄り。刺激や緊張が少なく活動性が下がるためarousalは低めになる。
47,退屈,3,-0.55,-0.65,退屈は刺激や関心が不足して不快感・倦怠感を伴いやすいためvalenceは負寄り。活動水準も低く眠気や無気力に近いためarousalは低めと判断しました。
47,退屈,4,-0.55,-0.65,退屈は楽しくない・満たされない感覚が中心のため不快寄り（valence低め）です。また刺激や緊張が乏しく活動性が下がるため覚醒度も低め（arousal低め）になります。
47,退屈,5,-0.55,-0.60001,「退屈」は不快寄りの感情で、楽しさや満足感が低いためvalenceはマイナスになる。活動性・緊張感が低く眠気に近い状態になりやすいのでarousalも低めになる。
47,退屈,6,-0.45,-0.65,退屈は刺激や興味が不足して不快感が生じやすい一方、活動性や緊張は低く落ち着いた（眠い）状態になりやすい感情です。したがって快‐不快はやや不快寄り、覚醒度は低めと判断しました。
47,退屈,7,-0.501,-0.601,退屈は不快寄りの感情で、楽しさや満足感が低い一方、興奮や緊張も少なく覚醒度が低い状態を示すため。
47,退屈,8,-0.55,-0.65,退屈は楽しくない・不快寄りの感情で、満足感や快は低いためvalenceは負になります。また刺激が少なく活動水準が下がる状態なので、覚醒度も低くarousalは負になります。
47,退屈,9,-0.55,-0.65,「退屈」は不快寄りの感情で、楽しさや満足感が低いためvalenceは負になります。また刺激が少なく活力も下がりやすいのでarousalは低めになります。
47,退屈,10,-0.55,-0.65,「退屈」は興味や快が低く、不快寄りの感情として感じられやすい一方、活力や緊張が低く覚醒水準も下がるため。
48,偉そうぶった,1,-0.55,0.35,「偉そうぶった」は他者を見下すような態度への反感や不快感を伴いやすく、快より不快が優勢です。一方で怒りほど高覚醒ではないものの、イラつきや緊張を生みやすく中程度の覚醒と判断しました。
48,偉そうぶった,2,-0.55,0.35,「偉そうぶった」は相手に不快感や反感を与えやすい否定的評価を含むためvalenceは低めです。一方で怒りほど高覚醒ではないが、反発や苛立ちを伴い得るためarousalはやや高めに設定します。
48,偉そうぶった,3,-0.55,0.35,「偉そうぶった」は相手を見下す・尊大に振る舞うニュアンスが強く、受け手に不快感や反感を与えやすいためvalenceは負寄りです。一方で怒りほど強い高覚醒ではないが、緊張やいら立ちを伴い得るためarousalはやや高めにしました。
48,偉そうぶった,4,-0.55,0.35,「偉そうぶった」は相手に不快感や反感を与えやすい否定的評価を含むためvalenceは低めです。一方で攻撃性・自己主張のニュアンスがあり感情的な活性はやや高いのでarousalは中程度と判断しました。
48,偉そうぶった,5,-0.55,0.35,「偉そうぶった」は相手に不快感や反感を与えやすい否定的評価を含むためvalenceは低めです。一方で、見栄や優越感の誇示に伴う緊張・苛立ちがあり覚醒度は中程度と考えられます。
48,偉そうぶった,6,-0.45,0.3,「偉そうぶった」は相手を見下す・尊大な態度を装うニュアンスが強く、対人印象として不快寄りになりやすい。攻撃的というほど高覚醒ではないが、反感や苛立ちを伴うためやや覚醒寄り。
48,偉そうぶった,7,-0.55,0.3,「偉そうぶった」は見下しや尊大さへの否定的評価を含み、不快感・反感が生じやすいのでvalenceは低めです。一方で怒りほどの強い高覚醒ではなく、やや苛立つ程度の覚醒と考えarousalは中程度にしました。
48,偉そうぶった,8,-0.45,0.35,「偉そうぶった」は相手に不快感や反感を与えやすい否定的ニュアンスが強く、快より不快寄りと判断しました。一方で、見下しや反発を伴って多少の緊張・苛立ちが生じやすいため覚醒度はやや高めです。
48,偉そうぶった,9,-0.55,0.3,「偉そうぶった」は相手を見下したり虚勢を張るニュアンスが強く、否定的に受け取られやすいため不快寄りのvalenceになります。一方で態度としてはやや攻撃性・緊張感を伴うものの、激昂ほどではないためarousalは中程度にしました。
48,偉そうぶった,10,-0.55,0.35,「偉そうぶった」は相手を見下す・尊大に振る舞う否定的ニュアンスが強く、不快感を伴いやすい。行動としては目立つ・押し出しが強いことが多く、覚醒度はやや高めと判断した。
49,チャラい,1,-0.35,0.3,「チャラい」は軽薄で信頼しにくいという否定的評価が含まれやすく、快より不快寄りのvalenceになりやすいです。一方で社交的・ノリが良い印象もあり刺激性は中程度のため、arousalはやや高めに置きました。
49,チャラい,2,-0.25,0.35,「チャラい」は軽薄・不真面目といった否定的評価を含みやすく、やや不快寄りになりやすい一方、明るくノリが良い印象もあるため極端には振れません。社交的で軽快な振る舞いを想起させ、覚醒度はやや高めと判断します。
49,チャラい,3,0.05,0.35,「チャラい」は軽薄・不誠実といった否定的含意がある一方、明るく社交的でノリが良いという肯定的評価もあり、全体として快不快は中立付近になりやすいです。軽さや騒がしさを伴うため覚醒度はやや高めと判断しました。
49,チャラい,4,-0.25,0.35,「チャラい」は軽薄で信頼しにくいという否定的ニュアンスがあり、快よりやや不快寄りになりやすいです。一方でノリが良く派手で活動的な印象も伴うため、覚醒度はやや高めと判断します。
49,チャラい,5,-0.102,0.35,「チャラい」は軽薄・不真面目といった否定的評価を伴うことが多く、快よりやや不快寄りと判断しました。一方でノリが良く社交的で活発な印象もあり、覚醒度は中程度に高めです。
49,チャラい,6,-0.25,0.45,「チャラい」は軽薄・不誠実といった否定的評価を含みやすく不快寄りになりやすい一方、ノリが良く派手で活動的な印象も強いため覚醒度はやや高めと判断しました。
49,チャラい,7,-0.1012,0.45,「チャラい」は軽薄・不誠実といった否定的評価を含むことが多く、快よりやや不快寄り（valenceは小さくマイナス）と判断しました。一方で明るくノリが良い・派手といった活発さも伴うため、覚醒度は中程度に高め（arousalはプラス）としました。
49,チャラい,8,-0.35,0.25,「チャラい」は軽薄・不真面目といった否定的評価を含むことが多く、やや不快寄りのvalenceになりやすいです。一方で派手さやノリの良さのニュアンスもあり、覚醒度は低すぎず中程度に近い値としました。
49,チャラい,9,-0.25,0.35,「チャラい」は軽薄・不真面目といった否定的評価を含みやすく快はやや低め。一方でノリが良く軽快な印象もあり、刺激度（覚醒）は中程度に上がるためです。
49,チャラい,10,-0.15,0.35,「チャラい」は軽薄・不真面目といった否定的評価を含みやすく、快よりやや不快寄りの印象です。一方で派手さやノリの良さなど活動性があり、覚醒度は中程度に高めと判断しました。
50,大嫌い,1,-0.902,0.64,「大嫌い」は強い嫌悪・拒絶を示すため快適さは大きく低く（負のvalence）。感情強度が高く対人・対物への反発を伴いやすいので覚醒度は中〜高程度（正のarousal）。
50,大嫌い,2,-0.92,0.62,「大嫌い」は強い拒絶・嫌悪を表すため快-不快軸では大きく不快（低valence）です。感情強度が高く怒りや反発を伴いやすいので覚醒度（arousal）は高めになります。
50,大嫌い,3,-0.92,0.58,「大嫌い」は強い嫌悪・拒絶を示し、快不快は大きく不快側に振れます。感情強度が高く、怒りや嫌悪に伴う生理的覚醒も中〜高程度と判断します。
50,大嫌い,4,-0.9,0.6,「大嫌い」は強い嫌悪・拒否を示し、非常に不快な感情のためvalenceは大きくマイナスになります。一方で怒りや嫌悪に伴う緊張・活性が高く、arousalは中〜高程度になります。
50,大嫌い,5,-0.9000000000000002,0.65,「大嫌い」は強い嫌悪・拒絶を表し、快適さから大きく離れた不快感が中心です。感情の強度が高く、怒りや嫌悪に伴う生理的覚醒も比較的高いと考えられます。
50,大嫌い,6,-0.9,0.6,「大嫌い」は強い嫌悪・拒絶を示すため快適さ（valence）は大きく負に寄ります。一方で感情強度が高く、怒りや嫌悪に伴う身体的活性が想定されるためarousalは中〜高めです。
50,大嫌い,7,-0.92,0.58,「大嫌い」は強い嫌悪・拒絶を表し、快‐不快次元では極めて不快寄りになるためvalenceを大きく負にしました。感情の強度が高く攻撃・回避行動を促しやすいのでarousalも中～高程度の覚醒寄りと判断しました。
50,大嫌い,8,-0.903,0.64,「大嫌い」は強い拒否・嫌悪を表すため快-不快は大きく不快側に寄ります。一方で感情強度が高く怒りや嫌悪を伴いやすいため覚醒度は高めになります。
50,大嫌い,9,-0.9,0.55,「大嫌い」は強い嫌悪・拒絶を表し、不快度が非常に高いのでvalenceは大きくマイナス。感情の強度も高く、怒りや嫌悪に伴う覚醒が起きやすいためarousalは中〜高程度。
50,大嫌い,10,-0.92,0.55,「大嫌い」は強い嫌悪・拒否を表し快の度合いが非常に低いです。一方で感情強度が高く、怒りや嫌悪に伴う覚醒も中〜高程度になります。
51,誇らしげ,1,0.72,0.34,「誇らしげ」は達成感や自己肯定感に基づくポジティブな感情で、不快感は少ないためvalenceは高めです。一方で興奮や緊張は強くなく、落ち着いた満足感として表れやすいのでarousalは中低程度にしました。
51,誇らしげ,2,0.68,0.32,「誇らしげ」は自己肯定感や達成感に基づく快の感情で、全体としてポジティブな評価が強い。一方で落ち着いた満足に近く、興奮や緊張は比較的低～中程度の覚醒にとどまるため。
51,誇らしげ,3,0.72,0.38,「誇らしげ」は達成感や自己肯定感を伴うため快の度合いが高い。一方で高揚はするが興奮や緊張ほど強くないため、覚醒度は中程度にとどまる。
51,誇らしげ,4,0.72,0.32,「誇らしげ」は自己や成果に対する肯定的評価を伴うため快（高valence）寄りです。一方で、喜びほどの興奮は強くなく落ち着いた自信に近いためarousalは中程度にとどまります。
51,誇らしげ,5,0.72,0.38,「誇らしげ」は達成や自己肯定に伴う快い感情で、不快感は少ないためvalenceは高めです。一方で興奮や緊張よりも落ち着いた満足感が中心になりやすいのでarousalは中程度にしました。
51,誇らしげ,6,0.72,0.38,「誇らしげ」は達成感や自己肯定感を伴うため快（高めのvalence）に寄ります。一方で「興奮」ほど強い活性ではなく落ち着いた高揚なので、arousalは中程度に設定します。
51,誇らしげ,7,0.72,0.35,「誇らしげ」は達成や自己肯定に伴う前向きな感情で快の度合いが高い。一方で興奮や緊張は強くなく、落ち着いた高揚感として中程度の覚醒にとどまるため。
51,誇らしげ,8,0.72,0.35,「誇らしげ」は達成や自己肯定に伴う快の感情で、全体としてポジティブな評価が強いです。一方で興奮というよりは満足・自信の落ち着いた高揚なので、覚醒度は中程度にとどまります。
51,誇らしげ,9,0.72,0.28,「誇らしげ」は自己評価や達成感に伴う快い感情で、ポジティブな情動が中心のためvalenceは高めです。一方で興奮・緊張よりも落ち着いた満足感に近いことが多く、arousalは中～やや低めに置きました。
51,誇らしげ,10,0.72,0.35,「誇らしげ」は自己肯定感や達成感に伴う快の感情で、不快さは低い。落ち着いた満足感として現れることが多く、興奮・緊張は中程度にとどまるためarousalはやや高めに設定した。
52,困惑,1,-0.35,0.25,「困惑」は状況が理解できず不安や不快感を伴いやすいためvalenceはやや負。混乱して注意が高まる一方で強い興奮ではないためarousalは軽度に正としました。
52,困惑,2,-0.35,0.25,「困惑」は状況が理解できず不安や戸惑いを伴うため快ではなくやや不快寄りです。一方でパニックほど強い興奮ではないものの注意や緊張が高まるため arousal は軽度に高めと判断します。
52,困惑,3,-0.45,0.25,困惑は状況が理解できず不快感やストレスを伴いやすいためvalenceはやや負に寄ります。一方で驚愕や恐怖ほど高覚醒ではないものの注意喚起や落ち着かなさがあるためarousalは軽度に正としました。
52,困惑,4,-0.35,0.25,「困惑」は状況理解の難しさや戸惑いを伴い、不快寄りの感情であるためvalenceは負に設定しました。一方で驚きや不安ほど強い覚醒ではなく、軽い緊張・混乱程度のためarousalはやや正にしました。
52,困惑,5,-0.35,0.25,「困惑」は状況が理解できず不快感やストレスを伴いやすいためvalenceはやや負。混乱しつつも強い興奮ではなく、注意喚起が少し高まる程度なのでarousalはやや正。
52,困惑,6,-0.45,0.3,困惑は状況が理解できず不確かさや軽い不快感を伴うためvalenceは負寄りです。一方で注意や思考負荷が高まりやすく、落ち着きよりはやや覚醒が上がるためarousalは中程度に正としました。
52,困惑,7,-0.35,0.2,「困惑」は状況が理解できず不確かでストレスを伴うため不快寄り（負のvalence）になりやすい。一方でパニックほど高覚醒ではなく、戸惑いによる中程度の緊張があるためarousalはやや正に置いた。
52,困惑,8,-0.35,0.3,「困惑」は理解できない状況への戸惑い・不快感を伴うためvalenceはやや負。驚きや焦りほどではないものの注意・緊張が高まるためarousalは中程度に正とした。
52,困惑,9,-0.35,0.3,「困惑」は状況が理解できず不快・ストレスを感じやすいためvalenceはやや負に寄る。一方で混乱に伴い注意が高まり軽い緊張が生じるためarousalは中程度に正とした。
52,困惑,10,-0.4033333333,0.35,「困惑」は状況が理解できず不快感・ストレスを伴いやすいためvalenceはやや負。混乱による緊張や注意の高まりがある一方でパニックほどではないためarousalは中程度に正。
53,悲しい驚き,1,-0.65,0.35,「悲しい」は不快感が強くvalenceが低い一方、「驚き」は覚醒度を上げる要素なのでarousalは中程度に上がります。悲しみが優勢なため快より不快寄りで評価します。
53,悲しい驚き,2,-0.65,0.45,「悲しい」は不快寄りで沈んだ感情だが、「驚き」は覚醒度を上げる要素があるため、全体として不快（負）で中程度の覚醒と判断した。予期せぬ出来事による動揺が加わり、純粋な悲しみよりやや高覚醒になりやすい。
53,悲しい驚き,3,-0.55,0.35,「悲しい」は強い不快感情でvalenceが低く、そこに「驚き」の要素が加わるため覚醒度がやや上がると判断しました。ただし悲しみが主成分のため、驚きほど高覚醒にはならないと見積もります。
53,悲しい驚き,4,-0.55,0.45,「悲しい」は不快寄りで覚醒度は中程度、「驚き」は覚醒度を上げるため、全体として不快（負）でやや高めの覚醒と判断しました。悲しみが主成分なので快は低く、驚きで動揺・緊張が加わる想定です。
53,悲しい驚き,5,-0.65,0.35,「悲しい驚き」は基本感情として不快な悲しみが中心で、予期しない出来事による驚きが加わるためvalenceはかなり負に寄ります。一方で驚きは注意・覚醒を高めるため、悲しみ単体よりarousalは中程度に上がると判断します。
53,悲しい驚き,6,-0.55,0.45,「悲しい」は不快寄りで覚醒度は中程度、「驚き」は覚醒度を上げるため、全体として不快（負）でやや高覚醒の感情になると判断しました。
53,悲しい驚き,7,-0.55,0.35,「悲しい」は不快で低〜中程度の覚醒に寄りやすく、「驚き」は覚醒を上げるが快不快は文脈依存です。組み合わせの「悲しい驚き」は不快寄りで、驚きによって覚醒がやや高まると判断しました。
53,悲しい驚き,8,-0.55,0.35,「悲しい」は強い不快感を伴うためvalenceは負寄りになります。「驚き」は覚醒度を上げる要素なので、悲しみ単体よりはやや高めのarousalになります。
53,悲しい驚き,9,-0.55,0.35,「悲しい」は不快寄りで覚醒は低～中程度、「驚き」は覚醒を上げやすい中立寄りの要素です。両者が合わさると不快感は残りつつ、驚きにより覚醒がやや高まると判断しました。
53,悲しい驚き,10,-0.62,0.35,「悲しい」は不快で低～中覚醒寄り、「驚き」は覚醒を上げる要素のため、全体として負の快度が強く、覚醒は中程度に上がると判断しました。
54,驚愕,1,-0.2,0.85,「驚愕」は強い驚きで生理的覚醒が高く、arousalは高めになります。一方で多くは不安・脅威の文脈で生じやすく快よりもやや不快寄りのため、valenceは軽くマイナスに置きます。
54,驚愕,2,-0.107,0.85,「驚愕」は強い驚きで生理的覚醒が高く、急激な注意喚起を伴うためarousalは高い。一方で出来事が脅威・不安を伴う文脈が多く快は中立〜やや不快寄りになりやすい。
54,驚愕,3,-0.10000000000000009,0.85,「驚愕」は非常に強い驚きで覚醒度が高く、恐怖や混乱を伴いやすいため快よりもやや不快寄りに評価しました。状況によっては中立～快にも傾き得ますが、一般的にはネガティブ寄りです。
54,驚愕,4,-0.1,0.85,「驚愕」は強い驚きで生理的覚醒が高くなりやすい一方、脅威や不快感を伴う場面も多いため快不快はやや不快寄りと判断しました。
54,驚愕,5,-0.25,0.85,「驚愕」は突然の強い驚きで心身の覚醒度が高く、動揺やショックを伴いやすいため不快寄りになりやすい。必ずしも否定的とは限らないが、一般的用法ではネガティブ文脈が多い。
54,驚愕,6,-0.106,0.86,「驚愕」は強い驚きで緊張や動揺を伴い、生理的覚醒が高い感情です。快不快は状況依存ですが、一般にショックや否定的驚きが多く中立〜やや不快寄りと判断しました。
54,驚愕,7,-0.10999999999999999,0.87,「驚愕」は強い驚きで生理的覚醒が高く、心拍や注意が一気に上がるためarousalは高めです。快・不快は状況依存ですが、一般にショックや脅威を伴いやすくやや不快寄りと判断しました。
54,驚愕,8,-0.102,0.85,「驚愕」は強い驚きで生理的覚醒が高い状態を示すためarousalは高めになります。価感情は状況次第で快不快が分かれますが、一般には恐怖や困惑を伴いやすくやや不快寄りと判断しました。
54,驚愕,9,-0.105,0.88,「驚愕」は強い驚きで覚醒度が非常に高い一方、脅威や不安を伴うことが多く快よりも不快寄りになりやすいためです。状況次第で中立にも振れますが、一般的にはややネガティブに寄せました。
54,驚愕,10,-0.15,0.85,「驚愕」は強い驚きで覚醒度が非常に高い一方、脅威や不安を伴うことが多く快よりもやや不快寄りになりやすいと判断しました。
55,強い怒りを伴う驚き,1,-0.75,0.9,「強い怒り」は強い不快感を伴うためvalenceは大きく負に寄ります。一方「驚き」は生理的覚醒を高め、強い怒りが加わることで覚醒度が非常に高くなるためarousalは高めに設定します。
55,強い怒りを伴う驚き,2,-0.75,0.9,「強い怒り」は強い不快感を伴うためvalenceは大きく負に寄り、さらに「驚き」は覚醒度を高める要素なのでarousalは高く見積もりました。驚き単体は中立寄りですが、怒りが支配的なため全体として不快・高覚醒になります。
55,強い怒りを伴う驚き,3,-0.78,0.9,強い怒りは強い不快感を伴うためvalenceは大きく負に寄り、驚きは急激な覚醒・緊張を高めます。さらに「強い」が付くことで生理的興奮が増すためarousalは高く見積もります。
55,強い怒りを伴う驚き,4,-0.85,0.9,「強い怒り」は強い不快感を伴うためvalenceは大きく負に寄せ、身体的・心理的な興奮度も高いのでarousalは高めに設定しました。「驚き」も覚醒度を押し上げるため、全体として高覚醒・強不快のプロファイルになります。
55,強い怒りを伴う驚き,5,-0.82,0.88,強い怒りは強い不快感を伴うためvalenceは大きくマイナスになります。驚きと怒りの組み合わせは生理的覚醒が高く、衝動的反応を引き起こしやすいのでarousalは高めです。
55,強い怒りを伴う驚き,6,-0.75,0.9,驚きは覚醒度が高く、そこに強い怒り（不快・高覚醒）が加わるため全体として非常に高覚醒になります。快-不快は怒りが支配的で不快寄りとなるためvalenceは大きくマイナスに設定しました。
55,強い怒りを伴う驚き,7,-0.8,0.9,「強い怒り」は強い不快（負のvalence）で高覚醒になりやすく、そこに「驚き」が加わると覚醒度はさらに高まります。驚き自体は中立寄りでも怒りが優勢なため全体の快-不快は大きくマイナスに寄ります。
55,強い怒りを伴う驚き,8,-0.75,0.85,強い怒りは強い不快感を伴うためvalenceは大きく負に寄り、驚きと怒りの組み合わせは生理的覚醒が高くなるためarousalは高めになります。
55,強い怒りを伴う驚き,9,-0.78,0.9,強い怒りは強い不快感を伴うためvalenceは大きくマイナスになります。驚きが加わることで反応の即時性と生理的覚醒が高まり、arousalは非常に高い値になります。
55,強い怒りを伴う驚き,10,-0.78,0.92,怒りは強い不快感を伴うためvalenceは大きく負に傾きます。また驚きと強い怒りの組み合わせは心拍や注意喚起が高まりやすく、覚醒度は非常に高いと判断しました。
56,軽蔑する,1,-0.75,0.35,「軽蔑する」は相手を見下し否定的に評価する感情で不快感が強いためvalenceは低い。怒りほど激しくはないが嫌悪や優越感を伴い一定の覚醒があるためarousalは中程度とした。
56,軽蔑する,2,-0.72,0.28,「軽蔑する」は相手を見下し否定的に評価する感情で、不快・嫌悪寄りのためvalenceは低い。怒りほど激しくはないが緊張や攻撃性を伴い一定の覚醒があるためarousalは中程度とした。
56,軽蔑する,3,-0.78,0.42,「軽蔑する」は相手を見下し否定的に評価する感情で不快感が強いためvalenceは大きくマイナスです。一方、怒りほどの高覚醒ではないが対人的な緊張や攻撃性を伴うためarousalは中程度にプラスとしました。
56,軽蔑する,4,-0.75,0.35,「軽蔑する」は相手を見下し否定的に評価する感情で、不快感・嫌悪感が強いためvalenceは大きく負になります。一方で怒りほどの高い興奮は伴わないことが多く、冷淡さが混じるためarousalは中程度の正寄りとしました。
56,軽蔑する,5,-0.78,0.35,「軽蔑する」は相手を見下し拒絶する否定的感情で不快度が高いためvalenceは大きくマイナス。怒りほどの高い興奮は伴いにくいが、嫌悪・敵意による一定の覚醒があるためarousalはややプラス。
56,軽蔑する,6,-0.75,0.35,「軽蔑する」は相手を見下し否定的に評価する感情で、不快・嫌悪寄りのためvalenceは大きくマイナスになります。一方、怒りほど激しくはないが緊張や攻撃性を伴い一定の覚醒があるためarousalは中程度にプラスとしました。
56,軽蔑する,7,-0.72,0.34,「軽蔑する」は相手を見下し否定的評価を伴うため不快（負のvalence）が強い。一方、怒りほどの高揚はないが嫌悪・敵意により一定の覚醒を伴う。
56,軽蔑する,8,-0.75,0.35,「軽蔑する」は相手を見下し否定的に評価する感情で、不快・嫌悪寄りのためvalenceは大きくマイナス。怒りほど高覚醒ではないが、優越感や敵意を伴い一定の覚醒があるためarousalは中程度のプラス。
56,軽蔑する,9,-0.72,0.38,「軽蔑する」は相手を見下し否定的に評価する感情で、不快感・敵意を伴うためvalenceは大きくマイナス。怒りほどの高揚はない場合も多いが、嫌悪や優越感が絡み一定の覚醒を伴うためarousalは中程度のプラス。
56,軽蔑する,10,-0.72,0.35,「軽蔑する」は他者を見下して嫌悪・否定的評価を伴うため不快寄り（valence低め）です。一方で怒りほどの高揚はなく、冷笑的・距離を置いた感情になりやすいので覚醒は中程度にしました。
57,満足感,1,0.75,0.1,「満足感」は欲求が満たされて快い感情であり、肯定的評価が強いのでvalenceは高め。落ち着きや充足に伴う穏やかな状態が多く、興奮は強くないためarousalは低〜中程度に設定しました。
57,満足感,2,0.72,-0.12,「満足感」は欲求が満たされ心地よさ・肯定感が中心のため快（高valence）に寄ります。一方で興奮や緊張は強くなく、落ち着いた充足として中～やや低めの覚醒（arousal）になります。
57,満足感,3,0.72,-0.18,「満足感」は達成・充足に伴う快の感情で、全体としてポジティブな評価が強いです。一方で興奮や緊張は高くなく、落ち着いた穏やかな状態になりやすいため覚醒度はやや低めと判断します。
57,満足感,4,0.72,-0.18,「満足感」は達成・充足による快の感情で、肯定的評価が強いためvalenceは高め。落ち着いた充足状態で興奮は強くないためarousalはやや低めに設定した。
57,満足感,5,0.75,-0.2,「満足感」は達成や充足に伴う快の感情で、不快要素が少ないためvalenceは高め。落ち着いた充足感として興奮は強くないことが多いのでarousalはやや低め。
57,満足感,6,0.72,-0.18,満足感は欲求や目標が満たされた状態に伴う快い感情のため、valenceは高めになります。一方で興奮というより落ち着き・安堵に近いことが多く、arousalはやや低めと判断しました。
57,満足感,7,0.72,0.18,「満足感」は望んだ結果が得られたときの快い評価感情で、不快さは小さいためvalenceは高め。落ち着いた充足に近く興奮は強くないのでarousalは低〜中程度に設定しました。
57,満足感,8,0.72,0.18,「満足感」は欲求が満たされて心地よさ・肯定的評価が伴うため快（高めのvalence）に寄ります。一方で興奮や緊張は強くなく、落ち着いた充足として覚醒度は低〜中程度です。
57,満足感,9,0.75,0.2,満足感は欲求が満たされ肯定的な気分が中心のため快（高めのvalence）に位置づく。一方で興奮というより落ち着いた充足なので覚醒度は低〜中程度にとどまる。
57,満足感,10,0.78,-0.18,「満足感」は欲求が満たされて心地よい評価が強いため快（valence）が高い。一方で興奮や緊張は比較的低く、落ち着いた充足に近いので覚醒度（arousal）はやや低めと判断した。
58,躊躇,1,-0.28,0.22,「躊躇」は迷いやためらいに伴う不安・自信のなさがあり、快よりやや不快寄りになりやすいです。一方で強い興奮ではなく状況を見極める静かな緊張が中心のため、覚醒度は低～中程度と判断しました。
58,躊躇,2,-0.305,0.15,「躊躇」は迷い・ためらいによる不安や消極性を伴いやすく、快ではないためvalenceはやや負寄りです。一方で強い興奮ではなく、軽い緊張や葛藤程度の覚醒なのでarousalは低〜中程度に置きました。
58,躊躇,3,-0.35,0.1,「躊躇」は迷い・不安や後悔への警戒を含み、快よりやや不快寄りになりやすいです。一方で行動が抑制される状態なので興奮度は低〜中程度にとどまります。
58,躊躇,4,-0.25,0.15,「躊躇」は迷い・ためらいによる小さな不快感や不安を伴うためvalenceはやや負寄りになります。一方で強い興奮ではなく、慎重に逡巡する状態なのでarousalは低～中程度にとどまります。
58,躊躇,5,-0.25,0.2,躊躇は迷いや不安を伴い、行動が阻害されるため快より不快寄りの感情です。一方で緊張はあるものの強い興奮状態ではなく、覚醒度は低～中程度に留まります。
58,躊躇,6,-0.35,0.25,「躊躇」は不安や迷いを伴い、肯定的感情よりもやや不快寄りになりやすい一方、強い恐怖ほどの高覚醒ではなく軽～中程度の緊張・逡巡として現れるため。
58,躊躇,7,-0.25,0.2,「躊躇」は迷い・ためらいによる不安や消極性を伴い、快よりもやや不快寄りになりやすいです。一方で強い恐怖や怒りほどの高覚醒ではなく、軽い緊張を伴う中程度の覚醒と判断します。
58,躊躇,8,-0.25,0.15,「躊躇」は不安や迷いを伴い、前向きな快感情よりもやや不快寄りになりやすい。一方で強い興奮ではなく、慎重さによる軽度の緊張・覚醒にとどまることが多い。
58,躊躇,9,-0.25,0.15,「躊躇」は迷い・ためらいによる不安や軽いストレスを含み、快よりやや不快寄りになりやすいです。一方で強い恐怖や興奮ほどの覚醒は伴わず、低〜中程度の覚醒に留まることが多いです。
58,躊躇,10,-0.25,0.15,「躊躇」は迷いやためらいを伴い、前向きよりもやや不快寄りの感情になりやすいです。一方で強い興奮ではなく、軽い緊張や不安を含む中程度より低めの覚醒と判断しました。
59,怒りを伴う嫌悪感,1,-0.85,0.7,嫌悪感は強い不快（負のvalence）を伴い、さらに怒りが加わることで緊張・攻撃性が高まり覚醒水準（arousal）が上がるためです。嫌悪単体よりも行動動機づけが強く、負の感情価はより強く見積もれます。
59,怒りを伴う嫌悪感,2,-0.85,0.7,嫌悪感は強い不快（valenceが大きくマイナス）を伴い、そこに怒りが加わることで攻撃性・緊張が高まり覚醒度が上がるためです。嫌悪単体よりも行動化しやすい高覚醒の負の感情と解釈できます。
59,怒りを伴う嫌悪感,3,-0.83,0.72,嫌悪は強い不快感を伴うためvalenceは大きくマイナスになります。さらに怒りが加わることで生理的・行動的な活性が高まり、arousalは高めになります。
59,怒りを伴う嫌悪感,4,-0.85,0.7,「嫌悪」は強い不快（valenceが大きくマイナス）に位置し、そこに「怒り」を伴うことで攻撃性・行動準備が高まり覚醒度が上がるためです。嫌悪単独よりも情動強度が増し、arousalは中～高程度になります。
59,怒りを伴う嫌悪感,5,-0.78,0.72,嫌悪は強い不快感を伴うためvalenceは大きくマイナスになります。さらに怒りが加わることで攻撃性・緊張が高まり、覚醒度（arousal）が高くなります。
59,怒りを伴う嫌悪感,6,-0.85,0.65,嫌悪感は強い不快感を伴うためvalenceは大きくマイナスになります。そこに怒りが加わることで生理的・行動的な活性が高まり、arousalは中〜高程度に上がります。
59,怒りを伴う嫌悪感,7,-0.78,0.72,嫌悪感は強い不快情動でvalenceが大きく負に傾きます。そこに怒りが伴うと攻撃・対処動機が高まり覚醒度が上がるため、arousalは高めになります。
59,怒りを伴う嫌悪感,8,-0.78,0.74,嫌悪感は強い不快（負のvalence）を伴い、そこに怒りが加わることで敵意・攻撃準備が高まり覚醒度が上がります。そのためvalenceはかなり低く、arousalは高めに設定します。
59,怒りを伴う嫌悪感,9,-0.85,0.7,嫌悪感は強い不快（valenceが低い）に分類され、怒りが伴うことで攻撃的・能動的なエネルギーが増し覚醒度が高まります。そのため不快度は非常に高く、arousalも高めに設定しました。
59,怒りを伴う嫌悪感,10,-0.85,0.75,嫌悪感は強い不快（低valence）を伴い、そこに怒りが加わると攻撃性・緊張が高まって覚醒度が上がります。そのためvalenceは大きくマイナス、arousalは高めに見積もります。
60,お腹が空いた,1,-0.25,0.3,「お腹が空いた」は軽い不快感や欠乏感を伴いやすく、快ではないためvalenceはやや低めです。一方で欲求が注意を引き行動を促すので、覚醒度は中程度に上がると考えられます。
60,お腹が空いた,2,-0.25,0.3,「お腹が空いた」は不快寄りの身体的不充足感を伴うことが多いためvalenceはやや低めに設定しました。一方で空腹は注意を引きやすく行動を促すため、覚醒度はやや高めと判断しました。
60,お腹が空いた,3,-0.201,0.35,「お腹が空いた」は不快感や欠乏感を伴うことが多く、快よりやや不快寄りと判断しました。一方で空腹は身体的な駆動として注意を引き、軽〜中程度の覚醒を高めるためarousalはやや高めです。
60,お腹が空いた,4,-0.2,0.3,「お腹が空いた」は生理的欲求が満たされていない不快感を伴いやすく、valenceはやや低めになります。一方で食欲による動機づけや注意の喚起が起きるため、arousalは中程度に上がりやすいです。
60,お腹が空いた,5,-0.15,0.35,「お腹が空いた」は不快感や満たされていない状態を伴いやすく、ややネガティブ寄りのvalenceになります。一方で欲求による注意喚起・落ち着かなさが出るためarousalは中程度に高めと判断しました。
60,お腹が空いた,6,-0.1,0.35,「お腹が空いた」は軽い不快感や不足感を伴うためvalenceはやや低めになります。一方で食欲による行動喚起があり覚醒度は中程度に上がると判断しました。
60,お腹が空いた,7,-0.25,0.35,「お腹が空いた」は未充足による軽い不快感がありvalenceはややマイナスになりやすい一方、食欲による行動喚起が起こるためarousalは中程度にプラスと判断しました。
60,お腹が空いた,8,-0.202,0.3,「お腹が空いた」は不快感や満たされていない状態を伴いやすく、valenceはややネガティブ寄りです。一方で空腹は注意を引き活動を促すため、覚醒度は中程度に上がると考えられます。
60,お腹が空いた,9,-0.25,0.35,「お腹が空いた」は未充足の生理的欲求による軽い不快感があるためvalenceはややマイナス寄りです。一方で食べ物を求める動機づけが高まり注意が向くため、arousalは中程度にプラスと判断します。
60,お腹が空いた,10,-0.20000000000000004,0.35,「お腹が空いた」は不快感や欠乏感を伴うことが多く、快よりやや不快寄りです。一方で身体的な欲求による軽い焦燥・注意喚起があり、覚醒度は中程度に上がります。
61,ムカつく,1,-0.78,0.72,「ムカつく」は強い不快感や怒り・苛立ちを表すためvalenceは大きく負に寄ります。感情の高ぶりや攻撃的衝動を伴いやすく覚醒度も高めです。
61,ムカつく,2,-0.78,0.72,「ムカつく」は強い不快感や怒り・苛立ちを表すためvalenceは大きく負です。一方で身体的・心理的な高揚を伴う感情なのでarousalは高めになります。
61,ムカつく,3,-0.72,0.68,「ムカつく」は強い不快感や怒り・苛立ちを示すため快-不快は大きく不快側に寄ります。加えて感情の高ぶりや衝動性が伴いやすく、覚醒度は高めになります。
61,ムカつく,4,-0.78,0.72,「ムカつく」は強い苛立ち・怒りを伴う不快情動で、快の方向にはほぼ寄らないためvalenceを低めにしました。身体的な緊張や衝動性が高く覚醒度も高い表現なのでarousalを高めに設定しました。
61,ムカつく,5,-0.78,0.72,「ムカつく」は強い不快感や怒り・苛立ちを表すため快-不快軸では大きくマイナスになります。怒りは身体的・心理的な活性が高くなりやすいので覚醒度は高めです。
61,ムカつく,6,-0.78,0.72,「ムカつく」は強い不快感や怒り・苛立ちを表し、快より明確に不快側に振れます。同時に身体的・心理的な高ぶりを伴いやすく、覚醒度も高めです。
61,ムカつく,7,-0.78,0.72,「ムカつく」は強い不快感や苛立ちを表すためvalenceは大きく負になります。怒りに伴い身体的・心理的な興奮が高まりやすいのでarousalは高めです。
61,ムカつく,8,-0.8001,0.7,「ムカつく」は強い不快感や怒り・苛立ちを表し、快とは逆方向の感情なのでvalenceは大きくマイナス。怒りは生理的覚醒や衝動性を伴いやすく、arousalは高めになる。
61,ムカつく,9,-0.78,0.72,「ムカつく」は強い苛立ち・怒りを表すため不快感が大きくvalenceは低い。一方で身体的・心理的な興奮や緊張を伴いやすくarousalは高めになる。
61,ムカつく,10,-0.78,0.72,「ムカつく」は強い不快感や怒り・苛立ちを伴う表現で、快より明確に不快側に寄るためvalenceは低い。感情の高ぶりや衝動性が強く、覚醒度が高い状態を示すためarousalは高め。
62,賛成できない,1,-0.55,0.25,「賛成できない」は相手意見への否定・不一致を示し、やや不快寄りの感情になりやすいです。一方で怒りほど強い高覚醒ではなく、落ち着いた反対・違和感の表明として中低程度の覚醒と判断しました。
62,賛成できない,2,-0.45,0.25,「賛成できない」は相手の意見に同意せず否定的な立場を示すため不快寄りの感情になります。一方で怒りほど強い興奮は伴わず、落ち着いた反対・違和感の表明として中程度の覚醒に留まります。
62,賛成できない,3,-0.45,0.15,「賛成できない」は相手の意見への否定・不一致を示し、やや不快寄りの感情になりやすい。一方で怒りほど強い高覚醒ではなく、落ち着いた反対表明として中〜低覚醒に寄るため。
62,賛成できない,4,-0.55,0.2,「賛成できない」は相手や提案への否定・不同意を示し、対人摩擦や不満を伴いやすいため不快寄りのvalenceになります。一方で強い怒りや恐怖ほどの高覚醒ではなく、冷静な反対表明として中低程度の覚醒に留まることが多いです。
62,賛成できない,5,-0.45,0.15,「賛成できない」は否定・不一致を示し、相手の意見への不快感や不満を伴いやすいためvalenceはやや低めです。一方で強い怒りや恐怖ほどの高覚醒ではなく、落ち着いた反対表明も多いためarousalは低～中程度にしました。
62,賛成できない,6,-0.45,0.25,「賛成できない」は相手の意見への否定・不同意を表し、やや不快寄りの感情になりやすい。一方で強い怒りよりは冷静な拒否に近く、覚醒度は低〜中程度と考えられる。
62,賛成できない,7,-0.45,0.2,「賛成できない」は否定・不同意を表し、相手の提案や状況に対して不快寄りの感情を伴いやすい一方、怒りほど強い覚醒は伴わず比較的落ち着いた反応になりやすい。
62,賛成できない,8,-0.45,0.2,「賛成できない」は相手の意見を否定・拒否するニュアンスがあり、快より不快寄りの評価になりやすいです。一方で怒りほど強い興奮は伴わず、落ち着いた反対表明として中程度の覚醒にとどまります。
62,賛成できない,9,-0.45,0.2,「賛成できない」は相手意見への否定・不承認を示し、やや不快寄りの感情（valence低め）になりやすいです。一方で怒りほど強い興奮は伴わず、落ち着いた反対表明であることが多いためarousalは低～中程度と判断しました。
62,賛成できない,10,-0.52,0.22,「賛成できない」は相手の意見への不同意・否定を示し、やや不快寄りの感情を伴いやすい一方、強い怒りほどの高覚醒ではなく落ち着いた反対表明も多いため覚醒度は低～中程度と判断しました。
63,驚き,1,0.1,0.75,「驚き」は快・不快どちらにも転び得る中立寄りの感情なのでvalenceはわずかに正寄りにした。予期しない出来事への反応で注意喚起が強く、生理的覚醒が高いためarousalは高め。
63,驚き,2,0.1,0.75,「驚き」は良い驚き・悪い驚きの両方があり快不快が中立寄りのためvalenceはわずかに正に置きました。一方で予期しない出来事への反応で生理的覚醒が高くなりやすいためarousalは高めです。
63,驚き,3,0.1,0.75,「驚き」は良い驚き・悪い驚きの両面があり快不快は中立寄りですが、一般にはややポジティブに傾くことが多いためvalenceをわずかに正にしました。予期せぬ刺激で注意や生理的反応が高まりやすく、覚醒度は高いのでarousalを高めに設定しました。
63,驚き,4,0.05,0.75,驚きは状況次第で快・不快のどちらにも振れうるため、平均的には中立付近のvalenceになります。一方で予期せぬ刺激への反応で注意・生理的覚醒が高まりやすく、arousalは高めです。
63,驚き,5,0.1,0.75,驚きは出来事の良し悪しが未確定なことが多く、快・不快の方向は中立寄りになりやすい一方で、予期しない刺激により注意と生理的覚醒が高まるためarousalは高めになります。
63,驚き,6,0.1,0.75,「驚き」は快・不快どちらにも転びうる中性的な感情のためvalenceはわずかにプラス寄りにしました。一方で予期しない刺激に対する反応で心身の活性が高まりやすいためarousalは高めです。
63,驚き,7,0.1,0.75,「驚き」は出来事の良し悪しが未確定で中性寄りだが、注意喚起と反応が強く生じるため覚醒度は高いと判断した。驚きがポジティブ/ネガティブどちらにも転びうる点を踏まえ、valenceはわずかに正に寄せた。
63,驚き,8,0.1,0.75,驚きは出来事の良し悪しが未確定な中立寄りの感情で、快・不快は文脈に依存しやすいです。一方で予期しない刺激に対する反応として注意や身体反応が高まりやすく、覚醒度は高めになります。
63,驚き,9,0.1,0.75,驚きは出来事の良し悪しが未確定なことが多く、快・不快は中立〜やや快寄りになりやすいです。一方で急な刺激への反応で注意と身体反応が高まりやすく、覚醒度は高くなります。
63,驚き,10,0.1,0.75,驚きは良い・悪いの評価が状況次第で中立寄りだが、予期しない出来事への反応で快・不快どちらにも振れ得るためvalenceはわずかに正に置いた。注意喚起や身体的反応が強く、覚醒度は高い。
64,相手をうらやましいと思う,1,-0.35,0.45,「うらやましい」は自分の不足感や比較による不快さを伴いやすく、全体としてややネガティブ寄りです。一方で相手への意識が高まり、焦り・刺激が出るため覚醒度は中程度に高いと考えられます。
64,相手をうらやましいと思う,2,-0.35,0.45,「うらやましい」は自分の欠如感や比較による不快さが混じるため快より不快寄りです。一方で相手への意識が高まり、焦り・渇望などで覚醒度は中程度に上がります。
64,相手をうらやましいと思う,3,-0.35,0.45,「うらやましい」は自分に不足感や不満が伴いやすく不快寄りの感情なのでvalenceは負に設定しました。一方で比較や欲求が強まりやすく、軽い焦り・緊張を伴うためarousalは中程度に正としました。
64,相手をうらやましいと思う,4,-0.35,0.45,「うらやましい」は相手の優位さに対する欠乏感や不満が伴いやすく、快より不快寄りになりやすい。一方で比較や欲求が刺激されるため、落ち着いた状態よりは覚醒度がやや高いと考えられる。
64,相手をうらやましいと思う,5,-0.35,0.4,「うらやましい」は相手への羨望に加えて不足感や嫉妬が混じりやすく、不快寄りになりやすいです。一方で比較による心のざわつきや動機づけを伴うため、覚醒度はやや高めになります。
64,相手をうらやましいと思う,6,-0.35,0.4,うらやましさは他者比較による欠乏感や不満を伴いやすく、不快寄り（valence低め）になりやすいです。一方で欲求や焦りが喚起されるため、覚醒度はやや高めになります。
64,相手をうらやましいと思う,7,-0.35,0.3,「うらやましい」は自分の欠如感や比較から生じやすく、基本的には不快寄りの感情です。一方で相手への関心や焦りが伴い、覚醒度は中程度に高まります。
64,相手をうらやましいと思う,8,-0.35,0.45,「うらやましい」は自分の欠如感や比較による不快さが中心で、快よりもやや不快寄りになりやすいです。一方で相手への意識が強まり、焦りや嫉妬に近い緊張が生まれるため覚醒度は中程度に高いと判断します。
64,相手をうらやましいと思う,9,-0.35,0.4,「うらやましい」は自分の不足感や比較から生じやすく、基本的に不快寄りの感情なのでvalenceは負に置きました。一方で相手への意識や焦りが伴い、適度に心的覚醒が高まるためarousalは正寄りと判断しました。
64,相手をうらやましいと思う,10,-0.35,0.45,「うらやましい」は自分の欠如感や不満を伴いやすく、快より不快寄りの感情になりやすい。一方で相手への意識や比較が強まり、心的な緊張や活性が上がるためarousalは中程度に高いと判断した。
65,必死に焦る,1,-0.78,0.83,「必死に焦る」は強い不安・切迫感を伴い、状況を不快に感じやすいのでvalenceは大きく負に寄る。行動を急かす高い緊張・覚醒状態が想定されるためarousalは高めになる。
65,必死に焦る,2,-0.78,0.86,「必死に焦る」は強い不安・切迫感を伴い、状況を不快に感じやすいためvalenceは低いです。一方で緊張と行動の急き立てが大きく生理的覚醒が高いのでarousalは高めです。
65,必死に焦る,3,-0.75,0.85,「必死に焦る」は強い不安・切迫感が中心で快ではなく不快寄りの感情です。また心拍上昇や注意の狭まりなど覚醒水準が高いためarousalは高めになります。
65,必死に焦る,4,-0.78,0.86,「必死に焦る」は切迫感や不安・恐れが強く、快よりも強い不快を伴うためvalenceは低めです。同時に心拍数上昇や注意の過集中など高い緊張状態を示すためarousalは高めです。
65,必死に焦る,5,-0.78,0.86,「必死に焦る」は切迫感や不安・ストレスを伴い不快感が強いためvalenceは大きくマイナスになります。一方で心拍上昇や注意の過集中など高い覚醒状態にあるためarousalは高めです。
65,必死に焦る,6,-0.78,0.86,「必死に焦る」は不安や切迫感が強く、主観的に不快な感情になりやすいためvalenceは低めです。一方で心身の緊張が高まり行動を急がせる覚醒度が高いのでarousalは高めです。
65,必死に焦る,7,-0.78,0.86,「必死に焦る」は切迫感や不安が強く、状況を不快・ストレスフルに感じやすいのでvalenceは大きく負に寄ります。行動を急かし心身が高ぶる状態のためarousalは高めになります。
65,必死に焦る,8,-0.78,0.87,「必死に焦る」は強い不安・切迫感を伴い、快よりも不快が大きいためvalenceは低いです。行動を急かす高い緊張と心拍上昇などの覚醒が想定されるためarousalは高めです。
65,必死に焦る,9,-0.78,0.88,「必死に焦る」は強い不安・切迫感を伴い、状況を不快に感じやすいためvalenceは大きく負になります。一方で心身の緊張や注意の過度な高まりがあるためarousalは高い正の値になります。
65,必死に焦る,10,-0.78,0.86,「必死に焦る」は切迫感や不安が強く、状況を不快に感じやすい感情なのでvalenceは大きくマイナスになります。一方で心拍上昇や注意の過集中など覚醒度が高い状態のためarousalは高めです。
66,覚悟をきめる,1,0.15,0.45,「覚悟をきめる」は不安や緊張を伴い得る一方で、決意や前向きな受容が含まれるため快-不快はややプラス寄りと判断した。行動に踏み出す心的準備で覚醒度は中程度に高い。
66,覚悟をきめる,2,0.15,0.55,「覚悟をきめる」は困難に向き合う決意で、緊張や責任感を伴うため覚醒度は高めになります。一方で不安も混じり得るが主体的な前向きさもあるため、快-不快はやや快寄りに見積もります。
66,覚悟をきめる,3,0.15,0.55,「覚悟をきめる」は不安や緊張を伴いつつも、前向きに決断して腹を括る状態であり、快・不快はやや快寄りにとどまります。行動への準備で心理的エネルギーが高まるため覚醒度は高めになります。
66,覚悟をきめる,4,0.15,0.55,「覚悟をきめる」は不安や緊張を伴い得る一方、決意して前に進むニュアンスがあり、快・不快は中立寄りでやや肯定的です。行動準備や集中が高まる状態なので覚醒度は中〜高めになります。
66,覚悟をきめる,5,0.2,0.5,「覚悟をきめる」は不安や緊張を含みつつも、目的に向けて決意が固まる前向きな心的状態のため、valenceはやや快寄りとしました。行動準備が整い心理的エネルギーが高まるので、arousalは中〜やや高めと判断しました。
66,覚悟をきめる,6,0.15,0.55,「覚悟をきめる」は困難や不安を伴い得る一方で、決意が固まり前向きに行動へ移る心理状態でもあるため、快はややプラスに寄せた。決断・集中・緊張を伴うので覚醒度は高めにした。
66,覚悟をきめる,7,0.1,0.55,「覚悟をきめる」は不安や緊張を伴うこともある一方、目的に向けて腹を括る前向きさがあるため、快・不快は中立寄りのわずかに快と判断しました。意思決定による心身の高まりが出やすいので、覚醒度はやや高めです。
66,覚悟をきめる,8,0.25,0.35,「覚悟をきめる」は困難や不安を伴う状況で決意を固めるニュアンスがあり、快だけでなく緊張も混じるためvalenceはやや正寄りに留まります。行動に向けて心身を引き締める状態なのでarousalは中程度に高いと判断しました。
66,覚悟をきめる,9,0.1,0.55,「覚悟をきめる」は不安や緊張を伴いつつも、前向きに決断して腹を括る状態で快・不快は中立〜やや快寄りです。行動への準備が整い心理的エネルギーが高まるため覚醒度はやや高めになります。
66,覚悟をきめる,10,0.2,0.35,「覚悟をきめる」は困難に向き合う決意で、前向きさや主体性があるためvalenceはやや快寄りです。一方で緊張や集中を伴うことが多く、覚醒度は中程度に高いと判断しました。
67,相手を心配する,1,0.15,0.35,「相手を心配する」は相手の無事を願う思いやりが含まれるため快寄りだが、不安や気がかりも伴うので強い快にはならない。注意や緊張が高まりやすく、落ち着いた状態よりはやや覚醒が上がるため中程度のarousalとした。
67,相手を心配する,2,0.1,0.35,「相手を心配する」は相手への思いやりが含まれ、必ずしも不快ではないためvalenceはわずかに正寄りにしました。一方で不安や緊張も伴い注意が高まるので、arousalは中程度に正と判断しました。
67,相手を心配する,3,0.15,0.45,「相手を心配する」は相手の無事を願う思いやりがあり全体としてはやや快寄りですが、不安や懸念も伴うため高い快ではありません。注意が向き緊張感もあるので覚醒度は中程度に高めです。
67,相手を心配する,4,0.1,0.35,「相手を心配する」は相手を気遣う温かさがあり、全体としてわずかに快方向（valenceは軽い正）になりやすい一方、不安や緊張も伴うため覚醒度は中程度に上がります。強い恐怖ほどではないのでarousalはやや高めに留めました。
67,相手を心配する,5,0.05,0.35,「相手を心配する」は相手の無事を願う思いやりがあり快寄りだが、不安や懸念も伴うため中立に近い。注意や緊張が高まるので覚醒度はやや高めになる。
67,相手を心配する,6,0.1,0.35,「相手を心配する」は相手への思いやりを含むため快寄りだが、不安や懸念が伴うので強い快ではありません。状況を気にかけて注意が向きやすく、適度に覚醒水準が上がるためarousalは中程度にしました。
67,相手を心配する,7,0.1,0.4,「相手を心配する」は思いやりを含み完全に不快ではないためvalenceはやや正寄り。一方で不安・警戒が伴い注意が高まるのでarousalは中程度に高いと判断しました。
67,相手を心配する,8,0.15,0.35,「相手を心配する」は相手への思いやりを含み快寄りだが、不安や懸念も伴うためvalenceはやや低めに設定した。注意が向き緊張感が少し高まるのでarousalは中程度の覚醒寄りとした。
67,相手を心配する,9,-0.15,0.35,「相手を心配する」は他者への思いやりを含む一方、不安や懸念が伴うため快よりやや不快寄りになりやすいです。注意が相手に向き緊張感もあるため、覚醒度は中程度に高めと判断します。
67,相手を心配する,10,0.1,0.4,「相手を心配する」は思いやりや関心を含むため快寄りだが、不安や懸念も伴うので強い快ではありません。相手の状況を気にかけて注意が向きやすく、程よく覚醒水準が上がるため中程度のarousalになります。
68,消えてなくなりたい,1,-0.92,0.15,「消えてなくなりたい」は自己消失願望を示し、強い抑うつ・絶望感を伴うため快-不快次元は大きく不快側に寄る。切迫したパニックというより無力感・虚無感が中心になりやすく、覚醒度は低〜中程度と判断した。
68,消えてなくなりたい,2,-0.85,0.35,「消えてなくなりたい」は自己消失願望を伴う強い抑うつ・絶望の表現で、快から大きく離れた不快感が中心です。一方で切迫感や苦痛による心的な緊張はあるため、覚醒度は低すぎず中程度と判断しました。
68,消えてなくなりたい,3,-0.92,0.25,「消えてなくなりたい」は強い絶望感・自己否定を含むため快-不快軸では大きく不快（valenceが低い）と判断できる。一方で切迫したパニックというより抑うつ的でエネルギーが低いニュアンスがあり、arousalは低〜中程度とした。
68,消えてなくなりたい,4,-0.85,-0.25,「消えてなくなりたい」は自己否定や絶望感を強く含み、不快感が非常に高い表現です。一方で切迫した興奮というより無力感・抑うつに近く、覚醒度は低〜中程度と判断します。
68,消えてなくなりたい,5,-0.92,0.35,「消えてなくなりたい」は自己消滅願望を含み、強い苦痛・絶望感が示唆されるためvalenceは大きく負に寄せました。一方で感情のエネルギーは沈鬱寄りだが切迫感もあり得るため、arousalはやや覚醒側の中程度に設定しました。
68,消えてなくなりたい,6,-0.85,0.35,「消えてなくなりたい」は自己否定や絶望感が強く、不快度が非常に高い表現です。一方で切迫した悲しみ・希死念慮を含み得るため覚醒は低すぎず、中程度の緊張を伴うと判断しました。
68,消えてなくなりたい,7,-0.88,0.32,「消えてなくなりたい」は強い自己否定や絶望感を含み、不快感情が支配的なためvalenceは大きくマイナスになります。一方で切迫感はあるものの沈静的・無力感も伴いやすく、覚醒度は中程度と判断しました。
68,消えてなくなりたい,8,-0.92,0.38,「消えてなくなりたい」は自己消滅願望を伴う強い絶望・抑うつを示し、快から大きく離れた不快感が中心です。一方で切迫感はあり得るものの、強い興奮というより沈んだ苦痛が主体のため覚醒は中程度に留まります。
68,消えてなくなりたい,9,-0.85,0.4,「消えてなくなりたい」は自己否定や絶望感が強く、不快情動が優勢なためvalenceは大きく負に寄せました。一方で抑うつ的で沈静寄りになりやすいが切迫感も含み得るため、arousalは低〜中程度の正寄りとしました。
68,消えてなくなりたい,10,-0.85,-0.10001,「消えてなくなりたい」は強い自己否定や抑うつ・絶望感を含み、不快感情が非常に強いと考えられるためvalenceは大きく負に設定した。エネルギーは高揚よりも萎縮・無気力寄りになりやすいのでarousalは低め（やや非覚醒）とした。
69,虚無感,1,-0.72,-0.38,虚無感は意味や価値を感じられず、喪失感・無力感を伴うため不快側（低valence）に傾きます。感情の動きは鈍くエネルギーが下がりやすいので覚醒度は低め（低arousal）と判断します。
69,虚無感,2,-0.72,-0.35,虚無感は意味や目的の喪失に伴う不快感が中心で、快情動ではないためvalenceは低い。感情のトーンは落ち込み・空虚さで活動性が下がりやすく、覚醒水準も比較的低めになるためarousalはやや負に置く。
69,虚無感,3,-0.72,-0.43,「虚無感」は満たされなさや意味の喪失を伴うため不快側（低いvalence）に寄ります。一方で強い焦燥よりも感情の平板化・無力感が中心になりやすく、覚醒度は低～中程度（やや低いarousal）と判断します。
69,虚無感,4,-0.75,-0.45,虚無感は空虚さ・無意味感を伴うため快ではなく不快寄りの感情で、valenceは低めになります。一方で強い怒りや恐怖のような高覚醒ではなく、気力低下・脱力感が中心になりやすいのでarousalはやや低めと判断します。
69,虚無感,5,-0.75,-0.55,「虚無感」は空虚さや意味の喪失を伴い、不快感が強い一方で、怒りや恐怖ほどの高い覚醒はなく無気力・沈静寄りになりやすい。したがってvalenceは低く、arousalも低めに設定した。
69,虚無感,6,-0.72,-0.38,虚無感は意味や価値を感じられない不快な感情で、肯定的快情動は低いためvalenceは低めです。一方で強い興奮や焦燥よりも無力感・感情の鈍麻を伴いやすく、覚醒度はやや低めになります。
69,虚無感,7,-0.72,-0.38,虚無感は意味や目的の欠如に伴う不快感が強く、感情価は低いと判断しました。一方で強い興奮や切迫は少なく、無気力・空虚さが中心のため覚醒度はやや低めです。
69,虚無感,8,-0.75,-0.45,虚無感は満足や喜びが乏しく、空虚・無意味さに伴う不快感が強いためvalenceは低めです。一方で感情のエネルギーは沈静的で無気力になりやすく、高覚醒というより低覚醒寄りのためarousalをやや低めにしました。
69,虚無感,9,-0.72,-0.35,虚無感は意味や価値を感じられない不快な感情で、抑うつ的・空虚でポジティブさが低いためvalenceは低めです。加えて活動性が下がりやすく、無気力・脱力感を伴うためarousalはやや低めに置きます。
69,虚無感,10,-0.75,-0.35,虚無感は意味や価値を感じられない不快な感情で、抑うつ的・無力感を伴いやすいためvalenceは低い。一方で興奮や緊張は強くなく、エネルギー低下や感情の鈍麻が出やすいのでarousalはやや低めと判断した。
70,多幸感,1,0.92,0.7,多幸感は強い幸福・快の感情であり、肯定的評価が非常に高いためvalenceは高い。高揚や活力を伴うことが多く覚醒度も高めだが、興奮ほど極端ではないため中〜高程度とした。
70,多幸感,2,0.9,0.75,多幸感は非常に快い感情で、幸福や満足感が強く表れるためvalenceは高いです。同時に高揚感・興奮が伴いやすく、覚醒水準も高めになるためarousalも高めに設定しました。
70,多幸感,3,0.9,0.7,多幸感は強い幸福・快の感情で、不快要素がほぼないためvalenceは高い。高揚や活力を伴うことが多く、覚醒度も比較的高いが、恍惚で落ち着いた形もあり得るため最大値まではしない。
70,多幸感,4,0.92,0.65,「多幸感」は強い幸福・快の感情で不快さがほぼないためvalenceは高い。高揚や活力を伴いやすい一方、興奮し過ぎではないのでarousalは中〜やや高めとした。
70,多幸感,5,0.92,0.68,多幸感は非常に強い快の感情で、幸福や満足が高水準にあるためvalenceは高い。喜びに伴う高揚やエネルギー増加がある一方、興奮や焦燥ほどではないためarousalは中～高程度とした。
70,多幸感,6,0.92,0.68,多幸感は強い快感・幸福感を伴うためvalenceは非常に高い。一方で興奮や高揚を伴うことが多いが、パニック的な覚醒ではないためarousalは中〜高程度とした。
70,多幸感,7,0.92,0.65,多幸感は強い快の感情で、満足や幸福が高水準にあるためvalenceは非常に高い。高揚感や活力を伴うことが多く、落ち着きよりも覚醒寄りなのでarousalも中～高程度になる。
70,多幸感,8,0.92,0.68,多幸感は強い幸福・快の感情で不快要素がほぼないためvalenceは高い。心身が高揚しエネルギーが上がることが多いのでarousalは中〜高程度。
70,多幸感,9,0.92,0.65,多幸感は強い幸福・満足を伴うため快（高valence）に大きく寄ります。一方で高揚や活力も伴いやすく、落ち着いた喜びより覚醒度は中〜高程度と判断します。
70,多幸感,10,0.92,0.68,多幸感は強い快の感情で、満足や幸福が高い水準にあるためvalenceは非常に高い。高揚感や活力を伴いやすく覚醒度も高めだが、興奮ほど極端ではないため中〜高程度にした。
71,愛おしい気持ち,1,0.78,0.25,「愛おしい気持ち」は温かさ・親愛・満足感を伴うため快（valence）は高めです。一方で興奮や緊張は強くなく、穏やかな情動になりやすいので覚醒度（arousal）はやや低めにしました。
71,愛おしい気持ち,2,0.82,0.28,「愛おしい気持ち」は対象への温かい好意や幸福感を伴うため快（高いvalence）に寄ります。一方で穏やかで落ち着いた愛情表現が中心で、興奮よりも安定した覚醒水準になりやすいのでarousalは中低程度と判断しました。
71,愛おしい気持ち,3,0.85,0.2,「愛おしい気持ち」は対象への温かさ・親密さ・肯定感を伴うため快（高valence）に寄ります。一方で興奮や緊張は強くなく、落ち着いた愛情として現れやすいので覚醒度（arousal）は低～中程度です。
71,愛おしい気持ち,4,0.85,0.25,「愛おしい気持ち」は対象への強い好意や温かさを伴うため快（高いvalence）に位置づく。一方で興奮や緊張よりも穏やかな情緒が中心なのでarousalは低～中程度と判断した。
71,愛おしい気持ち,5,0.85,0.25,「愛おしい気持ち」は対象への温かい好意・親密さを伴うため快（高valence）に寄ります。一方で落ち着いた慈しみの情が中心で、興奮や緊張は強くないためarousalはやや低めになります。
71,愛おしい気持ち,6,0.82,0.18,「愛おしい気持ち」は温かさ・親密さ・肯定的評価が強く、不快感が少ないためvalenceは高めです。一方で落ち着いた優しい感情で興奮や緊張は低く、arousalはやや低めになります。
71,愛おしい気持ち,7,0.82,0.18,「愛おしい気持ち」は温かさや親愛を伴う快の感情で、valenceは高めになります。一方で興奮や緊張は強くなく、穏やかな覚醒水準になりやすいためarousalは低〜中程度です。
71,愛おしい気持ち,8,0.78,0.22,「愛おしい気持ち」は温かさ・親密さ・満足感を伴うため快（高valence）に位置づく。一方で興奮や緊張よりも穏やかな情動なので覚醒度（arousal）は低〜中程度と考えられる。
71,愛おしい気持ち,9,0.85,0.25,「愛おしい気持ち」は温かさや親しみを伴う快情動で、不快感は少ないためvalenceは高めです。一方で落ち着いた愛情として現れやすく、興奮よりも穏やかな覚醒水準になりやすいのでarousalはやや低めにしました。
71,愛おしい気持ち,10,0.82,0.18,「愛おしい気持ち」は温かさ・親密さ・満足感を伴う快情動で、不快さは少ないためvalenceは高め。落ち着いた愛情表現が中心で興奮や緊張は強くないためarousalはやや低めに設定した。
72,考え込んでしまう,1,-0.25,-0.10000000000000009,「考え込んでしまう」は不安や悩みで気分がやや沈みやすく、快より不快寄りになりやすいです。一方で外的な興奮は高くなく、内向きに思考が巡る状態のため覚醒度は低〜中程度と判断しました。
72,考え込んでしまう,2,-0.25,0.15,「考え込んでしまう」は思考が堂々巡りになりやすく、やや不快・重い感情を伴うことが多い一方、興奮というよりは内省的で中程度以下の覚醒度にとどまりやすいためです。
72,考え込んでしまう,3,-0.25,0.15,「考え込んでしまう」は反芻や迷いを含み、やや不快寄りになりやすい一方、強い怒りや興奮ではないため覚醒度は低〜中程度に留まります。状況によっては集中にも近いが、一般には軽いストレス・不安を伴うニュアンスが強いです。
72,考え込んでしまう,4,-0.25,-0.05,「考え込んでしまう」は悩みや反芻に近く、気分はやや不快寄りになりやすい一方、強い興奮というより思考が沈み込む状態で覚醒度は中〜やや低めと判断しました。
72,考え込んでしまう,5,-0.35,-0.05,「考え込んでしまう」は悩みや反芻に近く、気分はやや不快寄りになりやすい一方、外向きの興奮は強くなく落ち着いた（低〜中程度の）覚醒状態になりやすいためです。
72,考え込んでしまう,6,-0.25,-0.05,「考え込んでしまう」は悩みや反芻が含まれ、快よりもやや不快寄りになりやすい一方、活動的な興奮よりは落ち着いた内向きの状態で覚醒度は中立〜やや低めと判断しました。
72,考え込んでしまう,7,-0.25,-0.05,「考え込んでしまう」は悩みや反芻を伴い気分はやや不快寄りになりやすい一方、外向きの興奮は高くなく内向きで沈静的な状態になりやすいため。
72,考え込んでしまう,8,-0.202,-0.05,「考え込んでしまう」は思考が反芻的になり、やや不安や重さを伴いやすいため快は低めです。一方で外向きの興奮より内向きの沈静に寄りやすく、覚醒度は中立〜やや低めと判断しました。
72,考え込んでしまう,9,-0.35,0.15,「考え込んでしまう」は悩みや反芻に近く、気分はやや不快寄りになりやすい一方、外的な興奮は強くなく内向きの思考で覚醒度は低～中程度と判断しました。
72,考え込んでしまう,10,-0.25,-0.05,「考え込んでしまう」は反芻や悩みを伴うことが多く、やや不快寄りの感情になりやすい一方、強い興奮というより内向きで沈静的になりやすいため覚醒度は低めと判断しました。
73,すっぱいものを食べた,1,-0.10300000000000001,0.35,「すっぱいものを食べた」は驚きや顔のしかめなど軽い不快感が出やすく、快・不快はやや不快寄りになりやすい一方、刺激によって注意が向き覚醒度は中程度に上がるため。
73,すっぱいものを食べた,2,-0.1001,0.3001,「すっぱいものを食べた」は快・不快が中立寄りで、人によって好みが分かれるためvalenceはやや不快寄りにしました。味覚刺激が強く注意を引く体験なのでarousalはやや高めと判断しました。
73,すっぱいものを食べた,3,-0.15,0.2,「すっぱいものを食べた」は驚きや不快寄りの反応が出やすい一方、嫌悪ほど強くはないためvalenceはやや負にしました。刺激で口内感覚が強まり注意が向くのでarousalはやや高めに見積もりました。
73,すっぱいものを食べた,4,-0.10999999999999999,0.38,「すっぱいものを食べた」は感情というより感覚体験で、快・不快は状況次第だが一般には顔がしかめるなど軽い不快寄りになりやすい。刺激が強く注意を引くため、覚醒度（arousal）は中程度に上がると考えられる。
73,すっぱいものを食べた,5,-0.1001,0.45,すっぱい刺激は不快寄りになりやすい一方、強い味覚刺激で注意が向き覚醒度は上がりやすい。嫌悪というほどではないため不快度は軽度に設定した。
73,すっぱいものを食べた,6,-0.101,0.35,「すっぱいものを食べた」は感情というより感覚体験で、快・不快は個人差があるため中立寄りだが、驚きや顔がすぼむ反応でやや不快寄りに置く。刺激が強く注意を引く味覚なので覚醒度はやや高めと判断した。
73,すっぱいものを食べた,7,0.1,0.4,「すっぱいものを食べた」は驚きや刺激を伴いやすい一方、快不快は好みで分かれるため全体としてはやや中立寄りの快に置く。酸味の刺激で注意が向きやすく覚醒度は中程度に高い。
73,すっぱいものを食べた,8,-0.10000000000000002,0.3,「すっぱいものを食べた」は基本的に中立〜やや不快（酸味による顔のしかめ・刺激）に寄りやすい一方、味覚刺激で注意が向き覚醒度はやや上がります。好物として楽しんでいる場合は快寄りにもなり得ますが、一般的な反応としてはこの程度が妥当です。
73,すっぱいものを食べた,9,-0.05,0.35,すっぱい味は快・不快が分かれやすいが、一般には顔がすぼまるなど軽い不快寄りの反応が出やすいためvalenceはわずかに負とした。味覚刺激としては注意を引きやすく生理的覚醒を伴うのでarousalは中程度に正とした。
73,すっぱいものを食べた,10,-0.105,0.35,すっぱい味は不快寄りの反応（顔をしかめる等）を起こしやすい一方、必ずしも強い嫌悪ではなく中立付近にとどまることが多いです。味覚刺激としての即時性があり注意喚起・身体反応を伴いやすいため、覚醒度はやや高めとしました。
74,気温が暑い,1,-0.35,0.4,「気温が暑い」は不快感や疲労感を伴いやすく、快より不快に傾くためvalenceは負寄り。暑さは体感として負荷がかかり注意や身体反応が高まりやすいのでarousalはやや高めと判断しました。
74,気温が暑い,2,-0.45,0.35,「気温が暑い」は不快感や疲労感を伴いやすく、快より不快に寄るためvalenceは負に設定しました。一方で暑さは身体的ストレスで覚醒度をある程度上げるためarousalはやや正にしました。
74,気温が暑い,3,-0.403,0.52,「気温が暑い」は不快感やストレスを伴いやすく、快より不快寄りの評価になりやすい一方、身体的負荷で覚醒水準は上がりやすいと考えられます。
74,気温が暑い,4,-0.45,0.35,「気温が暑い」は不快感やストレスを伴うことが多く、快より不快寄りの評価になるためvalenceを負にしました。一方で体感的な負荷やイライラで覚醒水準はやや上がりやすいのでarousalを正に設定しました。
74,気温が暑い,5,-0.45,0.35,「気温が暑い」は一般に不快感やストレスを伴いやすく、快より不快寄りと判断しました。一方で身体的負荷で覚醒度はやや上がるため、軽度の高覚醒としました。
74,気温が暑い,6,-0.45,0.35,「気温が暑い」は不快感や疲労感を伴いやすく、快より不快に寄るためvalenceは負寄りに設定しました。一方で体感としてはだるさもあるが、暑さによる生理的な覚醒（発汗・不快刺激）もあるためarousalはやや正にしました。
74,気温が暑い,7,-0.55,0.4,「気温が暑い」は一般に不快感や疲労感を伴いやすいためvalenceは負寄りに設定しました。一方で体温上昇や発汗などで身体的な活性は高まりやすく、arousalはやや高めと判断しました。
74,気温が暑い,8,-0.45,0.35,「気温が暑い」は不快感（汗ばむ・だるい等）を伴いやすく、全体として負の感情価になりやすいです。一方で身体的負荷やイライラで覚醒度はやや上がるため、軽～中程度の正のarousalとしました。
74,気温が暑い,9,-0.55,0.35,「気温が暑い」は不快・ストレスを伴いやすく、快より不快寄りの評価になりやすい一方、身体的な暑さで注意・活動性がやや高まるため覚醒は中程度に上がると判断しました。
74,気温が暑い,10,-0.45,0.55,「気温が暑い」は不快感やストレスにつながりやすく、快より不快寄りの評価になりやすいです。一方で体感的な負荷が高く注意や活動性が上がるため、覚醒度は高めと判断します。
75,気温が寒い,1,-0.45,-0.2,「気温が寒い」は身体的不快感や不便さを連想しやすく、全体としてやや不快（負のvalence）になりやすいです。一方で興奮や緊張を強く伴う表現ではなく、覚醒度は低め〜中立寄りと判断しました。
75,気温が寒い,2,-0.35,-0.10000000000000009,「寒い」は一般に不快寄りの感覚として捉えられやすく、快感情よりもネガティブ評価になりやすいです。一方で状況によっては落ち着きや静けさも伴うため、覚醒度はやや低めにしました。
75,気温が寒い,3,-0.401,-0.15,「気温が寒い」は一般に不快寄り（体が冷えてつらい等）になりやすく、valenceはやや低めとしました。一方で寒さ自体は強い興奮を伴いにくく、むしろ活動性が下がりやすいのでarousalは軽く低めにしました。
75,気温が寒い,4,-0.35,-0.2001,「気温が寒い」は一般に不快寄りの体験として捉えられやすく、快よりも不快の評価になりやすいです。一方で活動性は下がりやすく、覚醒度はやや低めと判断しました。
75,気温が寒い,5,-0.45,-0.10000000000000009,「寒い」は身体的不快感を伴いやすく、快より不快に寄るためvalenceはマイナス。気温が低い状況は活動性を下げやすく、強い興奮より落ち着き・萎縮に近いのでarousalはやや低め。
75,気温が寒い,6,-0.402,-0.25,「気温が寒い」は多くの場合、不快感やつらさを伴いやすく快は低め（負のvalence）です。一方で寒さ自体は活動を促すよりも身体が縮こまるなど沈静寄りになりやすく、arousalはやや低めと判断しました。
75,気温が寒い,7,-0.45,-0.15,「気温が寒い」は身体的不快感や不便さを連想しやすく、快の方向より不快寄りになりやすいです。一方で危険や強い興奮を伴うことは通常少なく、覚醒度はやや低めと判断しました。
75,気温が寒い,8,-0.45,-0.10000000000000009,「気温が寒い」は一般に不快寄りの感情（寒さによる苦痛・不便）を伴いやすいためvalenceはマイナス。寒さは活動性を下げやすく、強い興奮というより落ち着き・縮こまりに近いのでarousalはやや低め。
75,気温が寒い,9,-0.45,-0.2,「気温が寒い」は一般に不快寄りの感覚として捉えられやすく、快よりもややマイナスの感情価になります。一方で寒さ自体は落ち着いた/低活動の状態に近く、覚醒度はやや低めと判断します。
75,気温が寒い,10,-0.45,-0.2005,「気温が寒い」は一般に不快・不満を伴いやすく、快の方向ではないためvalenceはマイナス寄りと判断しました。一方で寒さは強い興奮よりも落ち着き・活動低下に結びつきやすく、arousalはやや低めに置きました。
